검색키워드,검색범위,시작일,단계,참여인원,제목,날짜,좋아요개수,댓글개수,본문내용,참여기간,관련주제,관련지역,태그,댓글내용
탈원전,내용,2020-05-11,종료,2,신성장 동력 무한프리에너지 전기 자동차 등,2020.05.11,1,2,"안녕하세요 우리나라 는 수십년 우물안에 개구리 처럼 너무 먼 오솔길 을 걸어왔습니다 신성장 동력의 기회를 잃어 버리고 오만 자만 교만 에 빠져 스스로 규제개혁을 멀리하고 있었던
것이 사실이죠  진심으로 부강하고 찬란한 번영에 나라 민족이 되고 십다면 과괌히  국민지적제산권에 활로인 보장 보상 기술 자금 변리사지원 체계와 국민미래향상연구원 등 을두어
누구나 미래를 열어보일수 있는 장을 만들수 있는 장이 필요한것 아닙니까 따라서 손볼 과학적발전법 을 발의 하고 이를 기반으로 잃어버린 과거 미래의 지름길을 바로잡아 야 합니다
상상하지도 못한 세계를 활짝열어 보일 인재들이 어느정도 있다고 봅니다 무한프리에너지 전기 자동차  하이퍼루프 초고속열차 도 1700km 이상으로 달릴수 있습니다 제가 삼성전자
삼성동 본사 방문 지지부진한 자기부상열차 동력을 N~S 자동센서 로 속도를 낼수 있는것을 제시 본격 초고속열차 에 앞을 다투어 연구중에 있는것 맏죠 또한 대통령에 탈원전 에
대한 뒷바침 할수 있는 제료와 자료 는 다 있습니다 그것을 알지 못하거나 생각하지 못하거나 아니면 알고도 안하거나 이겠죠 그래서 더 많은것을 잃어 버리는것 이죠
다음 비행기 구조에 대해 말씀 드리겠습니다  한마디로 이제 현재의 비행기 구조는 버려야 합니다 혁신적인 구조로  수직 이착륙은 기본 어느 방향이던 무빙 비행이 가능한 구조가 있습니다
F22가 부러운가요 쓰레기죠 또한 연료 문제로 인해 로켓트 를 우주로 바쁘게 쏠 이유도 없는 에너지 무한 시대에 있는것입니다  한가지 더 말씀 드린다면 지난물도 돌려 에너지로 만들수
있고 그것을 가정과 사무환경 공장에서 넘치게 할수도 있고  더나아가  자동차 발전전용 고속도로 도 만들수 있죠 우린 그동안 어리석은 우물안에 개구리 였던 것입니다  그래서 앞서 말한
국민미래향상연구원 이 필요한것 입니다 벅찬 감동에 민족 찬란한 번영에 민족이 되게끔 더이상 기만 탭만 나만 의 과거와 오늘이 되지 않게 과괌이 전경련 체계에서 벗어나야 합니다
 ",2020-05-11~2020-05-25,통신·과학>과학기술연구 (국민참여단>청렴정책 모니터링),,,"신성장 동력 무한프리에너지 전기 자동차 등 많은 연구가 필요합니다.
신성장사업으로 삼성전자의 밧데리 사업에 기대가 큽니다. 또한 현대의 수소자동차에 대한 기대가 큽니다..."
탈원전,내용,2019-05-25,종료,5,전국 아파트 옥상에 태양열 전기기계 설치 제안,2019.05.25,4,5,"안녕하십니까
다름이 아니오라! 
국가 에너지 정책 제안입니다만 어디다 적을지 잘 몰라서 여기다 올립니다
제가 생각해 봤는데요  전국의 아파트 옥상이나 신축 아파트 건설시 태양열 기계를 설치하면  전력에 크나큰 도움이 될것이라 확신합니다
기존 아파트옥상에 설치해도 되는데 비용 부담을 아파트 주민들이 한다면  주민들이 이사를 가게 되면 본인들이 부담하는거에 대해 거부감이 있으므로(이사할땐 이사오는 사람한테 받으면 좋음) 지방자치제에서 보조금을 주면 좋겠죠  반반부담
저희 아파트에 의견을 건의할 예정입니다.만 비용문제로 그닥 실천력은 기대 못할듯요~
[[탈원전하고 부족한 전력은 아파트 옥상에 태양열 기계설치 ]]
자아실현과 더불어 국민을 위해 고군부투 하시는 청와대 여러분 늘 수고가 많으시네요!
늘 건강하시기를 기원합니다~^^~",2019-05-25~2020-03-03,경제·산업·통상>에너지및자원개발,경상북도>상주시,#ㅇ,
탈원전,내용,2019-03-21,종료,1,쓸데없는 복지 그만두고 마스크나 사주시오~!,2019.03.21,2,1,"쓰잘데 없는 탈원전,4대강 보철거,쓸데없는 공항,선심성 복지 ~
이런거 하지말고 국민들에게 미세먼지
마스크나 사주시구려~!!",2019-03-21~2020-03-03,보건·사회복지>공적연금,,#미세먼지탈원전화력발전소,쓸데없는 복지 그만두고 마스크나 사주시오~! 제도적인 개선이 필요합니다.
탈원전,내용,2018-12-17,종료,2,지지율 60프로 올리려면,2018.12.17,3,2,"요즘 전국민이 아우성이네요
국민 지지율  60프로 올리기 프로젝트.
 첫째. 소득주도형 정책실패인정 정책수정  둘째 .최저임금 동결 국민투표실시 
 셋째 적폐 청산 종결 
 넷째 52시간 유예및 계단식 추진 
 다섯째 탈원전 폐지후 국민투표 
  모든국민에 영향을 주는일은 민의를 반영  탁상공론하지마시길
  충심으로 말씀드립니다 문재인 대통령의성  공은  대한민국 모든국민의성공입니다.",2018-12-17~2020-03-03,경제·산업·통상>경제정책,,#지지율,"지지율 60프로 올리려면 지지율 뭘 필요하나요 서민들이 잘사는 행복한 나라가 아닌가요?.
정책수정을 하려면 용기가필요 하지요 결단이 필요한 시점입니다."
탈원전,내용,2018-05-18,종료,3,온실가스 및 미세먼지 저감을 위한 화력발전소 바이오매스 연료전환 방안,2018.05.18,40,3,"□ 국내 에너지 정책
ㅇ 현 국내 에너지 정책의 기본 방향은 태양광 및 풍력 등 신재생에너지 확대 (2030년 발전량의 20%), 온실가스 (2030년 BAU 대비 37%) 및 미세먼지 (국내 발생량의 30%)감축을 목표로 하고 있음.  이러한 정책 기조에 맞춰 탈원전/탈석탄 정책을 추진 중이며, 특히 석탄화력발전 부분의 경우 30년 이상 노후 화력발전 10기를 폐쇄할 예정에 있음. 그러나, 급진적인 에너지 믹스 전환은 기저부하의 비중 축소, 에너지안보 (LNG 물량 확보 측면)와 에너지 효율성/경제성 측면의 문제점이 발생할 우려가 있음.
□ 해외 에너지 정책 사례
ㅇ 주요 선진국들의 에너지 정책 사례를 살펴보면 공통적으로 태양광/풍력 에너지는 첨두부하를 담당하며, 기존 기저부하를 담당하는 석탄화력발전은 바이오매스로 연료전환을 추진하고 있는 상황임. 특히 우리나라와 에너지 구조가 비슷한 영국, 일본의 경우 최근 바이오매스 발전 비중이 크게 증가하였으며, 바이오매스 자원 확보를 위해 자국 내 산림 산업 활성화를 추진 중임. 따라서 해외 에너지 정책 사례를 benchmarking하여 기저부하를 담당하는 석탄화력발전에서 바이오매스 발전으로 연료전환을 통한 폐쇄 예정 석탄 발전소의 재가동 및 에너지 공급 안정화 방안 마련이 시급함.
□ 국내 미활용 바이오매스 활용의 필요성
ㅇ 신재생에너지공급의무화(Renewable Portfolio Standard, RPS) 정책 이행과 이산화탄소 배출 저감을 위해 국내 5개 발전사에서는 해외 우드펠릿을 수입하여 석탄과 혼소 또는 전소 하고 있는 실정임. (연간 약 170만톤, 발전용 석탄 사용량의 5% 이내) 그러나 전 세계적으로 우드펠릿의 수요가 증가함에 따라 매년 거래가격이 증가되고 있으며, 발전용 유연탄에 비해 약 2.5 배 이상의 높은 비용을 지불하고 있는 상황임. (20만 won/ton) 이에 따른 매년 수천억원의 심각한 국부유출 문제가 발생되어 국정감사에서 지적되고 있는 사안.
ㅇ 최근 바이오매스 관련 REC 가중치가 개정 (2018.05.18)되어 국내 미활용 바이오매스 전소발전의 경우 REC 가중치 2.0, 혼소는 1.5로 변경됨. 이에 따른 해외 우드펠릿 이용양은 줄어들며, 국내 미활용 바이오매스 자원의 두드러진 활용이 예상됨.
□ 국내 미활용 바이오매스 자원량
ㅇ 발전용 연료로 활용될 수 있는 국내 미활용 자원 대상은 임목 부산물 (벌채 부산물, 잎, 뿌리, 잔목, 가지 등)이며, 연간 400만톤이 발생되고 있어 수입 우드펠릿 전량 대체가 가능함.
  ㅇ 또한, 다년생인 임목 부산물뿐만 아니라 단년생 초본계 바이오매스 (거대억새, 케나프, 농지부산물 등)도 활용이 가능하나, REC 가중지가 확보되지 않아 현재 사업추진에 어려움이 있음.
: 정부 및 각 지자체의 정책적 지원하에 논, 밭 및 유휴지 (새만금 간척지)에 계획 경작이 가능
□ 바이오매스 이용시 기술적/환경적 문제점
국내 바이오매스가 확보되더라도 석탄에서 바이오매스로 연료전환 시 심각한 기술적인 문제점이 발생됨.
  ㅇ 운전 안정성 측면
- 임목 부산물과 초본계 바이오매스의 회분에는 알칼리계 금속 (K, Na, Ca 및 Cl)이 다량 함유되어 있음. 이런 알칼리계 금속은 고온 연소 시 운전장애 (고온부식, slagging, fouling)를 유발하는 물질이며, 설비고장, 설비가동율/운전 안정성을 저하시키고 발전효율을 감소시키는 등 악영향을 끼침.
(국내 사례 : 남동발전, 영동화력 125MW 바이오매스 전소 발전소)
  ㅇ 환경적 측면
- 수송용연료(선박, 차량 등), 산업 현장 등 다양한 원인들이 보고 되고 있으나 화력발전소에서 발생되는 미세먼지가 가장 주목받고 있는 상황임. 또한 최근 보고에 따르면 바이오매스 내 알칼리계 금속이 초미세먼지 배출 (PM 1.0)의 주요 원인 인자로 지목되고 있음.
□ 국내 미활용 바이오매스 활용 방안 : Ashless Biomass Fuel
ㅇ Ashless Biomass Fuel 기술 개발은 정부출연연구기관인 한국에너지기술연구원(KIER)을 중심으로 추진중임.
ㅇ [핵심기술]
- 운전 장애/미세먼지 유발 인자(알칼리계 금속)를 90% 이상 제거하는 저회분 공정 기술.
- 연소시 초미세먼지 배출 감소.
- Ashless Biomass Fuel (K 500 ppm 이하, IDT 1,180 ℃ 이상) 생산 기술.
- 차세대 전력 생산 공정 (ESS, RED 등)과 연계 가능.
  ㅇ 방안 1 : 국내 미활용 바이오매스 이용 발전연료 도입
  REC 가중치 조정으로 인하여 국내산 바이오매스 활용이 불가피한 상황이 될 것으로 예상되며, 운전 안정성과 환경적 측면을 고려할 때 바이오매스 저회분 공정을 통한 알칼리 금속 등 무기질 제거 기술이 반드시 필요한 상황임. 저회분 공정 기술이 도입된 Ashless Biomass Fuel의 이용은 기술적/환경적 문제점을 해결함과 동시에 국내 바이오매스 산업 활성화에 큰 도움이 될 전망임.
  ㅇ 방안 2 : 해외 CDM 사업 추진
  석탄에서 바이오매스로 연료전환은 세계적인 흐름이며, 에너지 다소비 국가들을 중심으로 관련 산업이 육성되고 있는 실정임. 따라서, 국내 순수 기술인 Ashless Biomass Fuel 공정 기술을 바이오매스 자원 부국 현지에 수출이 가능하며, 이에 따른 현지 CDM 사업과 연계하여 국내 온실가스 감축을 추진 할 수 있을 것으로 예상됨.
  ㅇ [기대효과]
- 온실가스 및 초미세먼지 감축 목표 달성을 통한 국민의 건강과 삶의 질 개선.
- 신재생에너지 정책의 안정적 추진을 위한 가교역할(브릿지 에너지) 수행.
- 폐쇄 예정인 노후 석탄 발전소 재활용에 따른 고용보존 및 국내 바이오매스 산업 활성화/에너지 안보 강화.
- 신토불이(身土不二) 바이오매스 기술의 해외 수출을 통한 중소기업 육성 및 CDM 사업 추진 가능.
- 우드펠릿 수입 대체로 인한 국부유출 방지.
- 대규모 화력발전 뿐만 아니라 지자차에의 소규모 분산 발전에도 용이.
□ 결론
ㅇ CO2/미세먼지 저감을 위한 석탄 대체 발전용 연료 확보가 시급
ㅇ REC 가중치 조정으로 국내산 바이오매스 활용이 불가피
ㅇ 한국에너지기술연구원에서 개발된 Ashless Biomass Fuel 연료 제조공정의 사업화를 통한 CO2/미세먼지 발생량 저감 및 신재생에너지 보급 확대가 가능할 것으로 판단됨.",2018-05-18~2020-03-03,환경>대기 (민관협업>제도개선 과제 발굴),,#이산화탄소저감기술 #국내미활용바이오매스이용기술 #화력발전연료전환 #미세먼지저감기술 #대기환경개선,"바이오매스를 재활용하는 사업을 20년 동안 해왔지만 정책적지원만 된다면 국내의 바이오매스만으로도 충분히 수입 펠렛을 대체하고 남는 양의 바이오매스가 있지만 활용을 하지 않는것 같음. 거대억세, 케나프작물 이렇게 없는 것을 다시 심어서 사용하는 것 보다 기존에 버려지는 임업부산물(잡목, 간벌재 등) 과 농업부산물(왕겨, 과수전정가지 등) 그리고 가로수전정지 만으로도 충분히 수입량을 대체하고 남는데 중간 단계의 처리의 어려움때문에 쉬운 방법을 택하고 있는것 같음. 일례로 과수전정가지는 년간 110만톤이 발생하는데 거의 재활용되지 못한다. 초봄에 전지하면 한곳에 모아 말려서 1~2개월이 지나면 태워버린다. 온실가스 배출량으로 따지면 상당히 많은 양이다. 하지만 이것은 배출량으로 산정하지 않는다. 하여튼 2년전에 과수전정지를 이용하여 활성탄을 생산하는 연구과제를 진행하기 위해 알아본 결과 농업부분의 바이오매스를 이용해서 바이오차화하여 화력발전에 이용하는 방법도 외국 사례에는 있는것 같던데 고민해 봤으면 합니다.
온실가스 및 미세먼지 저감을 위한 화력발전소 바이오매스 연료전환 방안에 실현이 될수 있도록 하면 좋게습니다."
탈원전,내용,2018-05-10,종료,0,국민건강을 위협하는 초미세먼지를 줄이는 정책으로 국가재앙을 막아주시기 바랍니다,2018.05.10,3,0,"현 탈원전정책은 기존의 원전 30기를 단계적으로 축소하고 그 대신 신재생
에너지, LNG로 대체할려고 하고 있어 이는 미세먼지를 줄이는 정책이 아니라
대폭 늘리는 정책이라고 볼 수 있을 것입니다.
신재생에너지의 대부분을 차지하고 있는 태양광과 풍력발전은 햇볕이 없는
야간이거나, 날씨가 흐리거나 비가 오는 날, 바람이 불지 않거나 약하게 부는 날은 발전이 되지 않는 약점이 있습니다.
따라서 원전축소로 줄어드는 발전량을 신재생에너지가 대체하는 량은 많지
않고 대부분 LNG발전으로 대체하여야 할 것입니다.
LNG는 화석연료로 발전과정에서 많은 미세먼지 그 중에서도 입자가 작은
초미세먼지를 발생시키고 있습니다. 그 반면 원전은 전혀 발생시키지 않습니다
또한 LNG 발전소는 대부분 도시내에 있거나 가까이 위치해 있습니다.
  초미세먼지는 의학계에서는 호흡기에서 걸러지지 않아 폐, 기관지등 호흡기
질환을 유발시킬뿐 아니라 폐포를 통과하여 혈액을 통해 전신에 퍼지면서
심근경색, 뇌졸중등 심혈관질환의 위험을 높이고 면역력을 저하시키고,
장기간 노출시 치매, 우울증 발생률을 높이는 것으로 보고 있습니다.
  앞으로 도시에서 먼 곳에 있으면서 미세먼지를 전혀 배출하지 않는 원전은
점차 죽이고 가까이 있는 LNG발전소를 매일 24시간 생생 돌린다고 생각해
보십시요. 그것도 날이 갈수록 LNG발전소가 점점 더 늘어나고 거의 원전30기 발전용량만큼 늘어난다고 생각하면 끔찍하지 않습니까?
거의 국가재앙수준이 아닙니까?
그곳에서 배출되는 초미세먼지를 매일 마시면서 살아야 하겠습니까?
무언가 다른 대책이 있어야 하지 않겠습니까?
최근의 미세먼지 상황만 보더라도 중국의 미세먼지에 국내 미세먼지가 결합
하여 상승작용을 일으켜 더욱 심각한 상황을 만들고 있다고 합니다.
국내 미세먼지를 조금이라도 줄여야 하는 상황에서 우리스스로 대폭 늘리는 정책을 펴서는 절대로 안될 것입니다.
  미세먼지의 지옥으로부터 벗어날려면 먼저 원전에 대한 인식부터 바뀌어야
할 것입니다.
원전은 미세먼지를 전혀 발생시키지 않을뿐아니라 이산화탄소도 거의
발생시키지 않습니다. 또 우리나라 원전산업은 현재는 세계 최고수준이고 세계원전시장도 전망이 밝다고 합니다.
외국의 환경단체들은 모두 탈원전정책을 극구 반대하는 것으로 알고 있습니다.
원전에 대해서는 과도하게 위험한 것으로 인식되고 있는데 후쿠시마사고와
같은 사고는 우리나라에서는 일어날래야 일어날 수 없는 사고라 생각합니다.
그 원인은 북미지각판과 태평양지각판의 경계부에서 얇은 단층이 대규모로
움직이면서 발생한 대형쓰나미 때문이었고 우리나라는 경계부에서 멀리
떨어져 있고 더욱이 일본대륙의 건너편에 있어 일어날 수 없는 현상입니다.
체르노빌사고 역시 우리나라에서는 일어날 수 없습니다.
이는 정상적인 운전 중에 일어난 사고가 아니라 특별한 실험을 하다가 일어난 사고로 체르노빌원전은 일반적으로 원자로는 물을 감속재로 사용하는데 반해 흑연을 감속재로 사용하여 조작이 복잡하고 안전성이 결여된 구형입니다.
운전자의 조작미숙과 설비의 구조적 결함이 합쳐저서 일어난 사고로 우리는 이런 실험을 하지 않을뿐더러 우리나라가 독자개발한 제3세대원전은 세계최고의 안전성을 갖추고 있고 발전운영기술 또한 세계최고수준으로 인정받고
있습니다.
앞으로 우리나라에서 일어날 수 없는 사고의 참상을 부각시켜 국민들에게
공포심을 심어주고 반원자력정서를 갖도록 하는 행위는 어느누구도 하지
말아야 할 것입니다.
  최근 경주, 포항지진으로 고리, 월성등 인구밀집지역의 원전에 대해 우려하는 사람이 많은데 이에 대해서는 국내 반원전단체에서 주장하듯이 원전지역에
대한 지진 안전성평가를 전면적으로 재실시하여야 한다고 봅니다.
앞으로 핵으로부터 안전한 핵융합발전이 상용화되어 기존 원전이 전부 교체될 수 있는 기간이 약 200년내로 본다면 이 기간중 원전지역에서 내진설계기준인
규모 7.0을 초과하는 지진이 발생할 수 있는지가 집중적으로 평가되어야
할 것입니다.
평가는 세계최고의 전문가들로 구성된 평가팀에서 합동으로 하고 그 결과에 따라 원전의 조기폐쇄도 수명연장도 결정지어야 할 것으로 봅니다.
이는 수조 내지는 수십조원의 국민혈세가 걸린 문제일 것입니다.
  최근 탈원전정책분야 세계최고의 전문가라 할 수 있는 스티븐 추 스탠퍼드대 석좌교수는 “ 재생에너지가 풍족하지 않은 한국은 신재생에너지와 원전을
병행하는 것이 가장 이상적이다. ”라고 하였습니다.
이 분은 노벨물리학상 수상자이면서 오바마정부 초대에너지장관을 지낸 인물로서 미국이 30여년간 추진해 온 탈원전정책을 검토, 연구하여 개선정책을
수립, 추진하였습니다. 탈원전정책에 대해서는 그 장단점, 문제점을 누구보다도 잘 아는 세계최고의 전문가라 볼 수 있을 것입니다.
그는 또 원전폐기물 문제는 머지않아 미래과학이 해결할 것으로 보았습니다.
또한 “ 탈원전정책이 환경, 경제에 부정적인 영향을 미친다는 사실은 학자라면 모두 아는 상식 ”이라 강조했습니다.
  결론적으로 말하면 앞으로 우리나라가 미세먼지문제를 해결하기 위해서는
필연적으로 원전을 살리는 정책을 펴야 할 것입니다.
원전의 신규건설은 기존 추진하던 장소로 검토해 보고 그것이 위험하다고
판단되면 지진위험이 있는 활성단층지역이 아니면서 사람이 적게 사는 곳을 찾아 건설하고 건설후에는 인근주민들은 이주시키면 될 것입니다.
세계최고의 안전성을 갖춘, 우리나라 제3세대 원전을 사람이 살지 않는 곳에 몇 기 더 건설한다고 하여 기존 인구밀집지역의 원전을 더 위험하게 하지는 않을 것입니다.
  진정 국민을 위한, 환경을 위한, 국가미래를 위한 정책을 펴 주실 것을
간곡히 청원합니다.
     ",2018-05-10~2020-03-03,환경>대기,,#초미세먼지,
탈원전,내용,2017-08-02,종료,1,"조선산업 발전, 재생 에너지",2017.08.02,3,1,"-배경
1. 조선업 침체와 기술자 해고
2. 탈원전 시대의 재생 에너지 생산 방법
3. 근 해안 및 해상 기후, 태풍 진로 감시
4. 식수, 농업용수, 산업용수 부족
- 문제 원인
1. 세계 경제 침체-> 조선업계 불황-> 인력 감축 및 업계 파산-> 대규모 실업난
2. 탈원전을 위한 재생 에너지 발전 설비 부족과 설비 부지의 부재
3. 매년 태풍의 진로 부정확성으로 인한 대비 부족
4. 해상 기후 상태 감시망이 없어 대비 어려움
5. 환경문제로 인한 식수, 농업용수, 산업용수 부족으로 인한 수장원 고갈 현상
-대안
1. 폐선을 개조 또는 재건조하여 조력 발전, 태양열 발전 설비 선박 건조
- 상판: 태양열 발전 및 축전지 설치(에너지 저장)
- 중간 층: 바닷물 담수화 장치 설치하여 담수 만듬(태양열 발전에서 얻어진 전기와 열 사용)
- 하층: 바다의 조석 및 해류를 이용한 조력 발전기 설치(에너지 저장)
- 해양 기후 및 기상 감시 장치 또는 연구소 설치
- 위성 통신 및 휴대폰/데이터 중계장치 설치
- 응급 대피소 설치
2. 고정형과 운행용
- 고정용: 항상 같은 위치에 있으며 운행은 하지 않음. 근해안 및 해상용 
- 운행용: 일정한 영역을 이동, 원거리용 또는 수출용
- 기대 효과
1. 폐선 개,건조에 필요한 인력 필요-대형 선박은 충분한 인력이 필요함
2. 태풍 또는 급격한 해양 기후 변화에 응급 대피소 역할
3. 전파 중계장치로 원거리 해상에서도 휴대 전화 및 데이터 사용, 응급상황 전달 가능
4. 축전지를 이용 해안/섬 지역에 전기 직접 공급 가능
5. 담수를 해안/섬 지역에 직접 공급 가능
6. 다양한 해양 기후 정보를 파악할 수 있음
7. 장치 설비를 위한 토지 자원이 불필요함
8. 조선, 전기, 전자, 해양, 기상, 통신 등 다양한 인력이 필요하게 됨
9. 운행용으로 다른 나라에 에너지를 수출할 수 있음. 해당 나라에 가는 동안 에너지를  만들면서 가도 됨
10. 운행용으로 필요한 지역으로 이동하여 자원 공급 가능
- 검토사항
1. 폐선 개, 건조 비용과 장치 설치 비용과 에너지 생산량의 효율 비교
2. 관리 인력의 상주 또는 운전 인력의 필요",2017-08-02~2020-03-03,경제·산업·통상>에너지및자원개발,,#조선업 #재생에너지 #대체에너지 #탈원전,실질적인 대책 마련이 필요
탈원전,내용,2017-07-21,종료,17,전기차 중심의 친환경차 보급 확대 정책은 문제가 있습니다.,2017.07.27,13,17,"최근 발표된 국정과제 환경분야 항목를 보면 ""전기차 등 친환경차 보급 확대를 통해 미세먼지 저감을 달성""하겠다고 합니다. 우려스러운 부분은 환경부를 비롯한 정부의 많은 예산이 전기차 보급 확대에 집중되고 있다는 사실입니다. 2022년까지 35만대 보급, 충전소 대폭 확대 등 제시하고 있죠. 최근 국토부의 전기/수소차의 고속도로 통행료 할인 정책도 그렇구요.
우리나라는 자원빈국으로 대부분의 전기 생산를 수입 자원에 의존하고 있습니다. 또한 66%는 화석연료, 30%는 원자력, 4% 정도 만이 수력, 신재생에너지 부분이어서 탄소배출, 원자력쓰레기 배출을 줄이기 위해서는 대대적인 전기절약 캠페인을 벌여야 합니다.
2030년까지 탈원전하고 신재생에너지 20%까지 목표대로 확대해도 나머지 80%는 여전히 석탄/LNG/석유를 이용한 화력발전이고 전기생산을 위해 엄청난 탄소, 미세먼지를 배출해야 합니다. 환경을 위해 전기를 지속적으로 절약해야 하는 이런 상황에서 전기차 보급 확대 정책을 위해 막대한 예산을 투입하고 친환경 정책이다라고 광고하는 것이 올바른 방향인지 의문이 갑니다.
전기를 절약해야 하는 숙명을 가진 우리나라에서 전기차는 절대 친환경차일 수 없습니다. 따라서 전기차 중심의 친환경차 보급확대 정책을 재고해야합니다.
교통부분에서 엄청난 미세먼지를 배출하는 것은 당연히 디젤자동차, 가솔린 자동차입니다. 디젤은 가솔린 자동차로 유도하고 종국에는 가솔린 소비를 50%이상 줄일 수 있는 하이브리드 자동차로 유도해야 합니다. 아직 상용화가 덜 된 디젤 하이브리드 기술 개발도 지원해야 합니다.
2030년까지 하이브리드 자동차 400만대 보급 목표를 달성하기 위해 지속적으로 구매보조금, 세제혜택 등 인센티브 제공, 고속도로 통행료 할인 등 저변확대 정책 등을 시행해야 하고 더불어 하이브리드 자동차 보급목표를 30%까지 상향조정해야 합니다. 최소 2030년까지 미세먼지 저감을 위한 친환경차 보급 확대 정책을 하이브리드 자동차 중심으로 재편해야 합니다. 신재생에너지 발전이 50%가 될 때까지, (이 부분은 매우 힘들지만) 전기차 충전기술이 성숙할 때까지 에너지 절약 기술인 하이브리드 기술이 친환경자동차의 해답입니다.
현재 전기차 보급 확대 방안에 투입된 예산을 상당부분 하이브리드 자동차 보급 확대 정책 예산으로 투입함으로서 미세먼지 저감 목표를 실질적으로 달성할 수 있습니다.
우리나라 2천만대 차량중 2022년까지 10%인 200만대를 하이브리드 자동차로 바꾸면 (현재는 약 1.5%), 동급 가솔린 대비 연료효율이 대략 2배 좋기때문에 100만대 가솔린 자동차를 (발전된 전기를 사용하는 것이 아니고 에너지 수확기술을 통해 재생산된 전기를 사용하는) 순수 친환경 전기차로 바꾼 효과가 납니다. 10%의 하이브리드 (5%의 순수전기차)는 문재인정부 임기 말 실질적인 미세먼지 저감효과로 보상받을 것입니다.",2017-07-27~2020-03-03,환경>대기,,#통행료 #미세먼지 #고속도로 #전기차 #하이브리드 #친환경차,"비싸서 안 사요.
이동 시간과 거리를 먼저 줄이는 교통 정책과 도시 건설 정책을 폈으면 합니다. 전기차던지 하이브리던지는 현재의 상황에 대한 단기적 대책이구요. 일본도 최근에는 도시간 이동을 최대한 줄이는 정책으로 나간다고 합니다. 즉, 소도시 및 지방 도시에서도 모든게 해결이 되고 차별이 적도록 정책을 잡고 시행부터 해야 합니다. 모든게 대도시에 집결 되어 있으니까 부근 위성도시 등에서 지속적으로 자동차 이동이 생깁니다. 국회의원들께서 독일 방문 많이 하신다고 하는 데 독일 가 보세요. 지방 중소 도시와 푸랑크푸르트와 차이가 없습니다. 오히려 대도시는 세금이 더 비싸구요. 다 정책적으로 아는 내용 아닌가요? 시행을 하지를 않는 거지요. 이런 이동만 10%만 줄어도 자동차 가스나 공기가 엄청 줄어 들겠지요. 연료 사용도 줄어 들구요.  대도시 내 자전거 도로 확충하구요. 대도시에서 자전거 출근만 10% 올려도 많은 것이 해결 될 거라 봅니다. 그리고 독일 경우 대부분 도로가 자전거 우선 입니다. 기업들도 설득 해야 하구요. 초기에는 인센티브같은 것도 필요하고 시내 도로에 안전한 자전거 도로 확보 해야 합니다. 그런 후 전기자동차던 하이브리던 추가로 도입 하면 더 좋아지겠지요, 한국 늦었습니다. 중국한테도 전기차 기술 뒤집니다. 10년 내내 땅파고 아파트 짓느라 한 눈 파는 사이에 중국, 심지어 북한도 어제 보니까 평양도 많이 발전 했더군요
자전거 타라고 하세요.
2016년 1월 31일 전기자동차 정말 친환경인가(1)? http://blog.naver.com/cdm2358/220613341099 전기자동차 정말 보조금 받을 만 한가(2)? http://blog.naver.com/cdm2358/220614131912 에 언급 했듯이 일방적이고 전략 없는 전기자동차의 활성화는 Absolute Contra이다. 전략: 우선 전기자동차를 보급하기 전에 신재생에너지를 전기 에너지로 전환 하는 경제적인 기술에 집중투자 하여야 한다. 특히 해양과 풍력에너지에 말이다. 해양에너지 중 조류에너지는 단위국가별 세계 수준급이다. 전기에너지의 50%이상이 1차 에너지원으로서 석탄이나 원자력 아닌 신재생에너지가 되고 관련 기술 특히 전기저장자치의 무게, 효율과 수명 그리고 충전기술이 완벽할 때까지는 보류해야 한다고 본다.  지원판단기준: 무조건적 전기자동차가 아니라 주행거리 기준 하이브리드와 전기 중에 어떤 것이 에너지 전환율이 높아 경제적이고 탄소를 적게 배출하느냐로 판가름하여 정부에서 필요한 지원을 하여야 한다고 본다.  한편 World bank에 따르면 세계인구 7명중 1명 11억명은 전기가 공급되지 않는 곳에 살고 있다고 한다. 전기자동차와 하이브리드가 공존해야 한다고 본다.
대부분의 차는 야간에 주거지 주차장에 머무릅니다. 해서 주거지 특히 아파트단지의 주차장에서 충전할 수 있게 해야 합니다. 가정용전기로 완속충전하는 것... 급속충전은 특별한 경우에나 필요합니다. 공공기관의 전기차도 주간이 아닌 퇴근 후 시간에 완속충전으로 충분합니다. 제조사가 가정용전기로 충전할 수있도록 제작하면 됩니다. 르노의 트위지가 그렇지요.. 주거지, 특히 아파트 주차장에 완속충전시설 의무화합시다.
말하기 좋아서 탈원전이지 아직도 신재생에너지의 효율이 그렇게 높지가 않습니다. 문대통령께서 이야기하는 효율 좋은 신재생 에너지로 전력수급 준비하고 그 다음에 탈원전을 논의해도 늦지 않습니다. 정책을 백년대계로 잡아야합니다. 급하게해서 좋은 정책을 만들수 없어요. 탈원전은 재고 또 재고 바랍니다. 신고리 5,6호기는 정상대로 완공하여야 합니다. 특히나, 청년들 일자리문제가 커다란 걱정거리 인데요. 일본이 지진과 쓰나미 태풍등으로 탈원전 선언했다가 다시 원전을 짓고 있다고 합니다. 늘 무역수지 흑자국가였다가 탈원전하고 적자국으로 돌아섰다네요. 탈원전은 청년들에게 특히나 재앙입니다. 그리고 탈원전 할 생각이 간절하다면 내년 지방선거때 국민들 투표에 붙였으면 좋겠습니다.
전기차를 충전하기 위해 전기를 생산해야 하고 그 전기는 기존의 발전방식으로 하기 때문에 오히려 비친환경적이다라는 주장.. 이해는 되는데요.. 도대체 ㅓㄴ기차 한대당 얼마의 전기를 쓰고 100만대의 전기차가 돌아다닌다면 얼마의 전기가 더 필요한지에 대한 의견은 전혀 없어 동의가 어렵습니다. 수년전 전기차 본네트와 지붕윙에 태양광전지판을 단 개념차가 출시된 적이 있읍니다. 전지판 효율이 높아지면 앞으로는 양지에 주차하면 충전이 불필요한 전기차 나오지 않을까요? 급속충전기 보급과 정거리 주행을 염려하시는데 전기차를 일단은 출퇴근용이나 가사도우미형을 보급하면 어떨까요? 하루 주행거리 50키로 미만, 운행시간은 짧겠지요. 충전도 완속충전하면 되고 그것도 르노 트위지처럼 가정용 220볼트로 되는 전기차.. 백만대 2백만대의 보급은 전기차가 대세가 아니라는 것을 의미합니다. 전기차는 세컨차로 우선되어야 합니다. 외국의 경우는 도시형 전기차보급합니다. 최고속도 80키로 이하... 트위지가 그렇지요.. 국토부의 정경유착적 정책실패로 저속전기차 회사들이 도산했지요.. 이명박정부시절 얘깁니다. 그 때 허가했더라면 지금 트위지 보다 더 우수한 저속전기차, 도시형 전기차 시장을 석권했을 것입니다.
탈원전 자체가 잘못되고있는거죠. 중국은 100개를 만든다고하고 일본은 후쿠시마 원전 사고 후에도 원전 개발을 계속하고 있는데 무슨 친환경 에너지로 대처한단 말입니까? 생각좀 합시다
전력소모를 감안하더라도 전기차를 확대할 수밖에 없습니다. 전력소모와 환경문제는 서로 맞물려 있습니다. 현재로는 전기차 사용확대는 다른 나라와 비교해 볼때 많이 늦은 감이 있습니다.  우선은 전기차 확대로 방향을 잡고 이를 위한 인프라 구축이 필요합니다.  현재 전기차를 사용하는 사람의 가장 불편한 점이 충전하는 곳이 적고, 충전하는 시간이 길고, 주행거리가 짧다는 점입니다. 이 세 가지 문제를 해결을 해야한다고 생각합니다.
동의합니다. 아직까지는 하이브리드가 선행되어야 하고, 윗글의 내용처럼 친환경에너지가 어느 정도 완성된 후에 완전 전기차로의 변경을 가져가야 할겁니다.
이준기님 말씀은 이상적으로 옳습니다. 그렇지만 현실적으로 신재생에너지 기술과 배터리 기술의 발전이 그만큼 따라오지 못하고 있습니다. 그래서 중단기적으로는 하이브리드에 중심을 둬야 한다고 주장하고 있습니다.
저의 생각은 좀 다릅니다. 전기차의 베터리 기술이 발전하면 집에서 전기를 생산해서 사용할 수 있을 정도로 싸게 전기를 먹게 하는 방법은 베터리 기술인 거 같습니다. 지금은 좀 들어가지만 좀 더 기술개발을 하면 친환경차로서 제 역할을 다 할수도 있다고 생각되어 집니다.
아래와 같이 기획재정부에 전기차 관련 예산낭비 신고했습니다.  제목: 전기차 구매보조금은 예산 낭비입니다.  내용: 2022년까지 전기차 35만대 보급이 목표라고 하는데 한대당 대략 2000만원 정부/지자체 구매보조금이 지급된다고 계산하면 7조원이 예상됩니다.  66%가 화력발전이고 30%가 원자력발전인 우리나라에서 전기차는 친환경차가 절대 아닙니다. 린제이 윌슨의 통계 (http://cafe.naver.com/halftollforhybridcar/26) 자료에 근거해서 자동차를 구동할 때 배출되는 탄소량을 비교해 보면 우리나라 같이 66%가 화력발전인 경우 전기자동차는 km당 약 200g의 탄소를 배출하고, 가솔린/디젤은 180g 정도를 배출하고, 친환경 하이브리드는 97g 이하를 배출합니다. 전기자동차의 원자력 쓰레기는 또 다른 문제이고요. 현재 탈원전 논의가 활발한데, 탈원전이 완성되면 화력의존도가 더 높아져야 합니다. 친환경하자고 탈원전 논의하는데.. 7조원 세금 쏟아부어 탄소배출량이 더 확대되게 생겼습니다.  또한 전기차 구매보조금 혜택이 60% 이상 고소득층에 돌아간다는 외국 통계가 있습니다. 테슬라 자동차 구매하는 신세계 정용진 사장 같은 분에게 국민세금으로 정부보조금 지급하는 게 맞습니까?  7조 반친환경 전기차 예산, 그 중에서 4.2조는 반서민 예산. 새 정부에 어울리지 않는 예산낭비 계획입니다.  우리나라 환경에서 하이브리드가 가장 적합한 친환경차입니다. 2022년까지 200만대 보급이면 전체 자동차 탄소배출량 5% 감소한 꼴이 됩니다. 이 정도면 공기의 질이 달라질 수 있습니다. 한대당 100만원 구매보조금 지급에 2조원 들어갑니다.  가짜 친환경 7조를 진짜 친환경 2조 예산으로 변경해 주세요.
2022년까지 35만대 보급하겠다는 전기차를 위한 예산을 가늠해 보겠습니다. 전기차 1대에 2천만원 정도 보조금 지급한다면 대략 7조 정도 들어갑니다. 전기차의 짧은 주행거리로 인해 충전소도 대량 설치해야 합니다. 읍면동사무소 4000여개에 10개씩 충전소를 설치한다고 하고 건설비용 충전소당 대략 천만원잡고 약4000억원 나옵니다. 이보다 더 큰 문제는 전국민 50%가 아파트 거주하는데 아파트에 전기차전용 주차장 및 충전소 설치를 위한 사회적 합의 비용은 감히 가늠하기 조차 어렵습니다.  이 7조 예산 중 일부를 하이브리드 200만대 보급비용으로 이동하면 어떨까요? 현재수준 100만원 보조금이면 2조 정도 필요합니다. 3조 정도 투입해서 300만대 보급도 가능하겠네요. 300만대 고속도로 통행료 할인해 주면 대략 매년 2000억원. 5년간 1조원 도로공사에 통행료 보전해 줘도 되겠네요.  2조 정도 투입해서 전기차 10만대 정도 보급하는 것으로 하면 어느정도 균형도 맞을 것 같습니다. 이것도 대단한 수치입니다. 전기차의 시장에서의 매력이 너무 떨어져 지금보다 10배로 많이 보급하는 것은 쉽지 않아 보입니다. 전기차 지원시 장거리나 단거리 주행용 중 하나로 집중 투자해야 합니다. 테슬라 등 장거리 주행용 전기차로 집중한다면 구지 충전소를 많이 설치할 필요는 없겠죠. 하지만 현대차 등 단거리 주행용 전기차를 집중적으로 보급한다면 충전소를 최대한 많이 설치해서 도시 교통용으로 써야겠죠. 그런데 이 경우라면 왜 전기차에 구지 고속도로 통행료를 할인해 주는 겁니까?  요약하면 2022년까지 7조 들여 전기차 35만대 보급에 집중하는 것보다 5-6조 들여 하이브리드 200-300만대 전기차 10만대 보급하는 정책이 훨씬 더 친환경적입니다.
린제이 윌슨의 통계 (http://cafe.naver.com/halftollforhybridcar/26) 자료에 근거해서 자동차를 구동할 때 배출되는 탄소량을 비교해 보면 우리나라 같이 66%가 화력발전인 경우 전기자동차는 km당 약 200g의 탄소를 배출하고, 가솔린/디젤은 180g 정도를 배출하고, 친환경 하이브리드는 97g 이하를 배출합니다. 전기자동차의 원자력 쓰레기는 또 다른 문제이고요. 현재 탈원전 논의가 활발한데, 탈원전이 완성되면 화력의존도가 더 높아져야 합니다. 친환경하자고 탈원전 논의하는데.. 전기차 보급 확대를 통해 탄소배출량이 더 확대되게 생겼습니다. #우리나라에서_전기차는_친환경차가_아니다 해쉬태그 운동이라도 해야 할 판입니다. #탈원전과_전기차는_상호모순이다.
윗글은 환경부에도 국민신문고 국민제안으로 공개 제안되었습니다."
탈원전,내용,2017-07-24,종료,2,원자력발전과 태양광발전에 대한 제안,2017.07.24,8,2,"이런 글을 쓰는게 의미가 있을까라는 생각과
전문지식이 부족한 저로썬 이런 곳에 글을 올리는게 나랑 참 맞지 않단 생각이 들기도 합니다.
근래 태양광발전이 다시 이슈화되고 있는 듯하여 짧은 소견을 첨부합니다.
탈원전을 선언하고 발전소 공사를 중단한 결단에 동의하며 지지합니다.
태양광발전과 신재생에너지 확대에 공감하며 지지합니다.
미래의 에너지로 불리는 태양광발전과 풍력발전, 지력과 소수력은 이미 현재의 에너지입니다.
이중에서도  태양광발전에 핵심인 SOLAR CELL의 소재는 실리카라는 모래에서 축출한 원소이며 이를 웨이퍼로 만들어 반도체 소재로도 쓰여지는 것으로 이 또한 100% 수입에 의존하고 있는 것으로 알고 있습니다. 우리나라 경제에 태양광 발전이 확대 보급되면 미래에는 모래 = 석유가 될 수도 있을 거란 생각이 듭니다.
또한 아직 태양광 발전소의 설치 수명이 남은 관계로 철거가 되지 않고 있지만, 태양광 판넬인 SOLAR MODULE은 구조물과 프레임을 제외한 유리, 에바시트, 납, SOLAR CELL은 재활용이 불가능하여 폐기 또한 만만치 않을 것으로 예상됩니다. 산을 개척하여 설치하는 태양광 발전소 또한 자연과 경관을 헤치고 있어 이러한 부분을 고려하면서 정책을 추진해나가야 할 것으로 사료됩니다.
제 생각은...
미래에 에너지는 수소연료전지로 생산되는 전기와 에너지로 전환되어야 한다고 생각합니다.
현 공사 중단한 원자력발전소 부지와 기초 위에 수소연료전지 발전소의 기술을 발전시킬 수 있는 연구단지와 발전소 등을 건립한다면, 공사중단에 따른 지역민들과 공사업자들의 갈등이 어느 정도 해소될수도 있겠단 생각을 뉴스를 보면서 자주 했었습니다. 
또한 수소연료전지는 에너지를 발생시키고 저장하는 과정이 어려운 걸로 알고 있습니다만 상용화가 될 수 있으면 배출되는 폐기물은 물이 전부라 폐기물에 대한 걱정이 없을뿐아니라 원료를 수입에 의존할 필요 또한 없습니다.
수소연료전지 기술을 사용하여 전세계를 리딩해 나갈 수 있으면 대한민국의 후손들에게 가장 부강한 국가를 물려줄 수 있을 거라고 감히 확신합니다.",2017-07-24~2020-03-03,경제·산업·통상>에너지및자원개발,,#수소연료전지 #태양광발전 #원자력발전,"멋집니다. 안그래도 태양광발전에 문제가 많다고 생각하는 1인 이었는데 참 공감이 가는 글이네요!
당신의 건강한 생각에 동의합니다"
탈원전,내용,2017-07-21,종료,49,전기차 중심의 친환경차 보급 확대 정책은 문제가 있습니다.,2017.07.21,93,49,"국토교통부는 2017년 9월부터 미세먼지 저감을 위해 전기/수소자동차에 대해 고속도로 통행료 50% 할인 정책을 시행한다고 발표했습니다 (첨부된 보도자료 참조). 친환경자동차 보급에 관한 법률과 환경부의 친환경차 구매보조금 지급 기준에 의해 분명히 친환경차로 분류되고 있는 하이브리드 자동차를 이번 대상에서 배제함으로서 반쪽자리 정책, 생색내기 정책이라는 비판을 받고 있습니다.
2020년까지 한시적으로 시행함으로서 전기/수소 자동차 보급율을 1% (25만대)까지 끌어 올리겠다고 했는데 (현정부 임기말인 2022년까지 1.5%), 99% 자동차가 가솔린/디젤 자동차라면 미세먼지 저감 등 친환경 효과에 미치는 영향은 미미할 것이라는 것은 너무도 자명합니다.
친환경 자동차는 하이브리드 자동차, 전기 자동차, 수소 자동차 순으로 기술이 발전하고 있고, 같은 순서로 시장(market)에서 환영을 받고 있습니다. 하이브리드 자동차가 가장 시장친화적 기술인 상황에서 전기/수소 자동차의 보급에만 집중한다는 것은 잇몸은 상했는데 이빨만 건강하면 된다는 어불성설 상황을 고집하고 있는 것입니다. 순망치한 (잇몸이 상하면 이가 시리다)이라는 사자성어를 깊이 새겨 보아야 합니다.
또한 하이브리드 자동차가 많이 보급되면 전기/수소자동차의 보급에 부정적 영향을 끼칠 것이라는 국토교통부의 논리는 역시 잇몸(하이브리드)이 건강(발전)해야 이(전기/수소자동차)가 건강(발전)할 수 있다는 말로 대체하겠습니다.
하이브리드 자동차는 대략 가솔린 자동차보다 두배 정도 에너지 효율이 좋습니다. 이는 하이브리드 2대가 보급되면 가솔린 1대, 전기자동차 1대를 보급한 효과가 있으며, 그만큼 교통부문에서 가솔린 소비를 줄임으로서 자동차에 의한 환경부담을 감소시키고 있습니다. 인류가 당장 가솔린 소비를 멈추는 것이 아니라면 가솔린을 효율적으로 소비하는 것이 (당분간은) 친환경의 유일한 대안일 것입니다.
전기자동차는 당장은 배기가스없는 교통수단이지만 현재 전기를 생산하는 방식에서 (2015년 기준) 66% 정도는 석탄/LNG/석유 등 1차에너지를 소비함으로서 환경에 부담을 주고 있습니다. 즉 전기자동차는 66% 정도 배기가스를 배출하고 있고, 나머지 31.3% 부분은 원자력 쓰레기 배출, 결국 2.7%에 해당하는 수력, 신재생에너지 부분만이 배기가스 없는 친환경이라고 볼 수 있습니다. 그리고 2017년 현재 대한민국은 탈원전을 향해 첫발을 내딛었습니다. 결국 전체적으로 보면 하이브리드 자동차가 전기자동차보다 훨씬 더 환경친화적 자동차입니다.
이러한 상황에서 전기자동차 보급에만 집중해서 정부/지자체 구매보조금 대량 투입, 충전소 설치 확대, 고속도로 통행료 할인 등 막대한 예산을 쏟아붇는 것이 정말 올바른 방향입니까? 과연 이 방향이 맞는지 정책토론의 시간을 가져야 한다고 생각합니다. 너무 근시안적인 정책은 아닌지, 하이브리드 자동차에 대한, 에너지 효율/탄소배출 총량에 대한 정보의 무지에서 비롯된 것은 아닌지 면밀히 검토해 봐야 합니다.
정부는 2030년까지 친환경자동차의 비중을 20%까지 확대한다는 계획을 발표했습니다. 이때 친환경차의 80%는 하이브리드 자동차가 담당하고 나머지 20%가 전기/수소 자동차입니다. 전체적으로보면 2천5백만대 정도의 자동차에서 16%인 400만대가 하이브리드 자동차이고 4%인 100만대가 전기/수소차가 될 것입니다. 하이브리드 자동차 소유주들은 200만대의 가솔린과 200만대의 전기차(그리드에 전혀 부담에 없는)를 운행함으로서 환경 보호를 위해 자발적으로 노력하는 있는 애국시민들입니다. 또한 이는 추가적인 인프라 (예산) 투자없이도 달성할 수 있는 친환경 효과입니다. 이들에 대해 고속도로 통행료 할인 혜택을 배제한다는 것은 작은 세입 절약을 위해 정부가 지어야할 환경보호 의무를 일방적으로 시민에게 전가하는, ""하이브리드 자동차는 아무 혜택이 없어도 저절로 보급이 확대될 것""이라는 그릇된 인식에서 비롯된 ""손 안대고 코풀기""식 탁상행정이라고 밖에 볼 수 없습니다.
미세먼지 없는 깨끗한 파란하늘을 우리 아이들에게 물려주기 위해 최소 2030년까지 하이브리드 자동차에게도 고속도로 통행료 할인, 공공주차장 할인 등 친환경 보급/저변 확대 인센티브를 지속적으로 제공해 주어야 합니다. 관련 부서 (환경부/국토교통부)의 전향적인 정책검토/정책토론 부탁드립니다.",2017-07-21~2020-03-03,환경>대기,,#통행료 #미세먼지 #고속도로 #전기차 #하이브리드 #친환경차,"작은 몸짓하나가 세상을 바꿉니다, 전기와 휘발유를 같이 써서 통행료할인 혜택을 안준다구요? 환경을 살리는데 작은 힘이라도 보태겠다는 마음으로 비싼값임에도 하이브리드를 구매했습니다. 이런 작지만 환경을 생각하는 마음들을 국가가 안아줄때 환경을 위한 큰 움직임들이 나올꺼라 생각합니다. 통행료 할인혜택 주세요!
하이브리드차량 고속도로통행료 할인혜택은 당연한일 아닙니까? 꼭 이루어지리라 믿습니다
적극찬성 합니다.
하루 아침에 100년 전의 맑은 공기가 있는 세상으로 돌아갈 수는 없습니다. 작은 것부터 변화되어야 합니다. 적극 찬성합니다.
일단 갈무리 해 봤는데 지속적으로 공감내지 의견 부탁드립니다.
적극 찬성입니다. 저는 아직 하이브리드 차주가 아직 아닙니다만 우리 자녀들에게 좋은 환경을 물려줄 마음으로 하이브리드 차 혹은 전기차를 구매할 예정입니다. 유럽국가들의 좋은 정책으로 오슬로 같은 도시는 전기차 보급율이 세계 최대가 되었습니다. 그 뒷 배경에는 좋은 정책이 있었기 때문입니다. 전기차는 궁긍적으로 혜택을 주는 게 당연합니다. 하지만 충전인프라와 여러가지 측면을 고려해 하이브리드 차를 선택할 수밖에 없는 과도기적 선택에 대한 충분한 보상정책이 필요하다고 생각되어 집니다.  하이브리드 차량이 고속도로 반값통행에서 제외되었다는 소식을 지인을 통해 듣고 찾아와 저의 생각을 남깁니다. 하이브리드 차량 고속도로 반값이 시행은 분명히 되어 하며 50% 적용은 제가 봐도 불공평하 20~30% 정도의 할인율이 시행되어야 공정하다고 생각됩니다. 또한 대한민국의 하이브리드 및 전기차 보급율에 따라 년도와 할인율은 조정되어야 한다고 생각됩니다. 더 빠른 2025년도에 하이브리드 및 전기차 보급율이 급속히 높아진다면 차츰 줄이는 것도 국가예산 반영과 운영에 도움이 될것이라고 생각됩니다.
하이브리드 통행료 할인은 반드시 이루어져야 한다고 생각합니다.
적극 찬성입니다!! 서민들이 하이브리드 차량을 구매하는 이유가 유지 비용 절감을 위해서 입니다. 각종 해택이 많아져서 사람들이 자연스럽게 친환경차를 찾게 되면 국가에서는 환경문제도 해결하고 비용도 절감하게 되는 효과를 보게 되어 일석이조의 효과를 내게 됩니다. 당장에 부가세. 통행세.. 등등에서 세금을 걷는 것이 이익처럼 보이겠으나 국민들이 스스로 친환경 정책에 참여 할 수 있도록 통로를 열어 주어야 합니다. 이것이 크게는 환경오염에서 오는 각종 질병과 불안 감소와 그로인한 의료비 절감을 가져다 줄 것이며 작게는 국민들에게 안전하게 숨쉴 권리를 가져다 주는 것입니다. 국가가 장기적인 안목을 갖아야 국민들이 행복한 나라가 됩니다.적극
하루 아침에 100년 전의 맑은 공기가 있는 세상으로 돌아갈 수는 없습니다. 작은 것 부터 변화되어야 합니다. 적극 찬성합니다
하루 아침에 100년 전의 맑은 공기가 있는 세상으로 돌아갈 수는 없습니다. 작은 것부터 변화되어야 합니다. 적극 찬성합니다
하이브리드 차량을 이용하고 있고 이전차량은 경차(올뉴모닝)을 이용하였습니다. 연비면에서나 경제적인 면에서 하이브리드 차량이 경차보다 더욱 우수하고 환경적으로 고려되는 부분이 많다고 생각을 합니다. 댓글을 통하여 자세한 내용을 이야길 하지 못하지만, 기회가 된다면 하이브리드 차량을 이용하고 있는 모임과 정부가 이야길 나눌 수 있는 기회가 있었으면 좋겠습니다. 전 위 내용에 적극적으로 동의하고 지지합니다.
하루 아침에 100년 전의 맑은 공기가 있는 세상으로 돌아갈 수는 없습니다. 작은 것 부터 변화되어야 합니다. 적극 찬성합니다
시대 흐름상 모든 정책이 환경을 생각하는 쪽으로 간다고 해도 과언이 아닌데, 하이브리드 차량이 그에 일조를 많이 하고 있다고 생각합니다. 위의 정책검토에 적극 찬성합니다.
고속더로 통행료 반값 적극지지 합니다
하이브리드는 브레이크를 일반차 보다 덜밟 때문에 타이어 또한 훨씬 수명이 길지요. 새차로 시작해서 15만 뛰었는데 브레이크라이닝이 30% 달았습니다. 불안해서 일부러 교환할 예정입니다
국토부가 논리적으로 실수 한 것이 하나 더 있는데.. 국토부 보도자료 보면 ""전기차 수소차 통행료 할인은 미세먼지 저감 등을 위해 추진되는 것으로 친환경 통행료 수납시스템인 하이패스 차량에 한정된다""라고 하고 있는데, 가솔린/디젤 자동차일 때 하이패스를 이용해야 친환경 효과가 나지.. 정작 전기/수소차는 하이패스를 이용하나 비하이패스를 이용하나 배기가스가 나오지 않기 때문에 효과가 똑같습니다. 전기/수소차에게 왜 하이패스를 이용하라고 하는지 이유를 모르겠네요. 구지 이유를 찾자면 운동에너지가 열에너지로 소모되는 것을 막는 국가적인 차원의 에너지 절약 운동 정도라고 하면 될 것 같긴 한데.. 왠지 전기 소비를 장려하면서 전기를 절약하라고 하는 모순된 캠페인인 것 같습니다.  소비자 입장에서야 전기가 가솔린보다 많이 싸니까 불편하더라도 정부/지자체 구매보조금 1-2천만원 받고 전기차 살 수 있겠죠. 가솔린이 비싼 이유는 정부가 교통/환경 부담 조정하느라고 유류세 관리해서 그런 것이고, 전기는 환경이고 뭐고 비싸게 하면 경제가 안 도니까 여기저기 아무성일 테니까 할 수 없이 비정상적으로 싸게 유지하는 것이지요. 산업전기 무지 쌉니다. 삼성, 현대, 포항제철, 이런 곳들은 싼 산업전기 때문에 돌아간다고 알고 있습니다. 일반 가게도 문 열어 놓고 에어콘 틀고 장사하죠. 하지만 탈원전하고, 신재생에너지 아무리 늘린다고 해도 한계 있고 (정부는 2030년까지 20%까지 늘린다고 하지만 땅이 좁아서 고비용일 듯합니다), 미세먼지 더 악화되어 대책 안서고 하면.. 전기 가격은 필연적으로 올릴 수 밖에, 현실화할 수 밖에 없습니다. 그러면 전기절약이 답이죠. 국가적으로 전기 절약 캠페인을 대대적으로 펼쳐야 합니다. 그러면 다시 전기차 보급을 떨어뜨려야 하는데.. 그럼 그땐 전기차 퇴출운동하나요?  정부가 좀 더 큰 그림을 갖고 정책을 펼치기를 소망합니다.
시내주행이나 막히는 길 주행에서는 디젤차와 비교해 더 적은 미세먼지를 배출하는 하이브리드 차량입니다. 더욱 많은 사람들이 하이브리드 차량을 이용하도록 하려면, 더 혜택을 주어야 한다고 생각합니다. 고속도로 교통세 감면은 사람들로 하여금 하이브리드 차량을 사도록 유도하는데 큰 영향을 줄 것이라고 생각합니다.
하이브리드 차량을 친환경차 분류에서 배제시킬 요량이었다면..하이브리드차량 판매시에 저공해차량 스티커는 왜 발급을 해줬고, 현행 공영주차장의 요금할인을 왜 적용시켰는지 궁금합니다.다른 부분에선 똑같이 적용을 시키고 있으면서 굳이 고속도로 통행료 면에서만큼은 배제를 시키는건지 알수가 없구요.,.미세먼지 대책의 일환이라고는 하나..현재의 전기차,수소차 의 생산 및 판매요율을 따져봤을때...과연..미세먼지 저감이 얼마나 이루어질까요??현재 도로상에 주행 중인 차량의 99프로 이상이 가솔린,디젤차량인데 여기서 전기차 수소차의 비율을 1프로 올린다고 치더라도 미세먼지 저감이 얼마나 큰 비중을 차지할지도 모르겠구요.. 일반차량보다 적게는 몇백만원에서 천만원 이상의 금액을 더 지불하고 하이브리드 차량을 타는 사람들은 단순히 경제적인 측면만을 바라보고 구매하는 것이 아닙니다. 구매자들 또한 이나라의 시민이고 국민이기에 우리가 사는 이땅의 환경이 조금이라도 좋아졌으면 하는 바람에서 상대적으로 더 비싸지만 하이브리드 차량을 구매하여 운행하는 이유이기도 합니다.저공해라는 측면에서 구매하는 구매자들도 많다는 이야기지요. 그럼에도 불구하고 하이브리드차량은 친환경차량에 부합하지 않는다, 라... 전국 곳곳을 돌아다녀봐도 전기 충전소는 항상 비어만 있고 충전하는 전기차 한대를 본적이 없고 수소차는 구경도 못해봤네요..상황이 이러한데 전기차 수소차만 친환경차로 지정하는 것은 불합리하다고 봅니다. 물론, 하이브리드 차량도 일정부분은 연료를 연소하는 부분이 있으나 일반 차량에 비해서 그 양이 적죠..그렇기에 전기차,수소차와는 차등을 주어 할인정책을 펼치더라도 반대하는 하이브리드차량의 차주분들은 없을겁니다. 오히려 일반차량보다 더 메리트를 느끼고 판매가 늘어날지도 모르는 일이지요..그렇게 된다면 전기,수소차의 수요가 늘때까지 기다리는것보다 미세먼지 저감이 더 빨라지지 않을까요?국민에 돌아오는 혜택은 차후 도 중요하지만..현재도 중요하다고 봅니다.
자동차 미세먼지 절감을 위한 정책이라고요? 이해가 되지 않네요. 자동차 미세먼지 발생량의 80%는 타이어 및 브레이크 마모로 인해 발생합니다. 친환경차라고 미세먼지 발생 저감에 월등히 기여하는 것은 아닌데요. 연료 연소로 인해 발생하는 미세먼지는 고속에서 거의 완전연소하므로 발생량이 적어지고, 고속 주행하므로 타이어의 미세먼지 발생은 더욱 많아지며, 인체에 유해한 NOx는 노후 경유차에서 발생합니다. 다시 말해서 고속도로 정책에 적용하기에는 어울리지 않는 기준입니다. 굳이 고속도로에서 미세먼지 정책을 내시겠다면, 어줍잖은 친환경차 통행료 감면보다는, 구간단속 구간을 늘리고 과적 및 과속 차량에 환경부담금을 추가로 물리도록 하는 것이 미세먼지 저감에 훨씬 효율적이고 세수에도 도움이 되는 정책입니다. 정말 본 정책이 미세먼지 발생량에 근거하는 거라면, 먼저 차종별 미세먼지 발생량과 기준을 공개하여 주시고(국내에는 경유차 외에는 규제가 없어 차종별 미세먼지 발생량 데이터가 없습니다), 노후 경유차 및 대형 트럭의 고속도로 진입을 금지하거나 환경부담금을 왕창 추가하여 통행료를 책정하여야 합니다.
장거리 뛰어도 당장 디젤차가 더 경재적인데 하이브리드 타기가 쉽지않네요 이번에도 차 바꾸는데 디젤로 결정했어요 하이브리드 혜택없어서 사람들 잘안사고 인기 없어서 중고차 가격 낮아서 더 안사고 정말 악순환 이래저래 혜택많지만 아직 멀었음
하리브리드 사줘서 전기/수소차 개발 지원해주고 세금에 자동차세에 건강보험에 유류세에 거기다 부가세까지 내줬더니 적반하장이네요.
하이브리드 차량도 친환경차량 맞잖아요~~ 통행료 할인도 당연함.
경차는 공영주차장 반값.고속도로 톨비 반값. 취등세 감면 혜택을 주는데 왜 하이브리드차는 고속도로 톨비 혜택이 없나요! 하이브리드차 보급 늘리려고 100만원 보조금까지 주면서 통행료에는 인색한듯 합니다.
하이브리드차량에는 해택이 너무 없어요 전기차 전기차 하지만 전기차도 어찌보면 석탄이나 원자력으로 만들어진 전기를 사용하는 것인데 전기차에게만 너문 혜택이 몰리는것 갔네요 그리고 전기차 고속도로 몇대나 다닌다고 사용 거리도 짧고 고속도로는 하브사용자에게 돌려야 된다고 생각합니다
현 하이브리드 차량의 경우 가격대나 유류비관련 디젤차의 대해 경쟁성이 없는게 사실이죠. 정부가 앞장서 장거리 주행을 하는 오너들을 하이브리드로 넘어가게 한다면 미세먼지 절감 정책은 빨라질것이라고 생각됩니다.
대중화된 가솔린 디젤차와 비교해서 친환경차가 맞다고 생각합니다
친환경차로 인정도 해주면서 당연히 이번 정책에 포함되어야 합니다~
친환경을 위해 돈 더주더라도 하이브리드 차를 사는거 아니겠습니까 하이브리드도 통행료 할인이 필요합니다
통통님, 저도 이곳이 처음이라 이것 저것 누르다보니 어쩌다 핵심참여자로 지정되셨었습니다. 올마이티 관리자님께서 핵심적으로 참여해 주시면 좋겠다는 바램이 담겼었는데.. 동의를 받지 않은 내용이니 환원하겠습니다.  이 문제와 관련해서 (이미 시행령이 7.17일에 공포되었지만) 국토교통부/도로정책과 담당 주무관/사무관님과 통화도 했었습니다. 개인적으로 시행령 개정에 대해 토론하기 보다 좀더 많은 사람이 공개적으로 참여하여 집단지성을 발휘했으면 해서 이곳 국민생각함으로 오게 되었습니다. 또 이곳이 그런 곳으로 이해하고 있습니다. 이곳에서 발제자, 관리자, 국토부 담당 주무관/사무관, 일반시민 참여자, 재능기부자, 관련 전문가 등이 모두 참여하여 더 나은 결론에 도달했으면 합니다.  참고로 2016.8.29일에 신효섭님이 아래와 같은 댓글을 다셨습니다. https://goo.gl/Yx9715 -- 3. 전기자동차가 대기오염을 절감한다는 명확한 근거는 어떤 것인가요? - 참고로 전기자동차가 대기오염을 더욱 심화시킨다는 의견도 있습니다.(링크 참조 http://news.joins.com/article/20484127)
아하하핫 저도 하이브리드연대의 일원이 된 건가요?(관리자를 핵심참여자로 지정하신 분은 처음이야~, 재능기부자, 공동발제자 등 태그가 여러 개 붙으면 보기가 예쁘지 않아서 우성값만 표출되도록 해놨는데 관리자를 누르다뉘~ 요건 일종의 오류사항이네욤.^^)  이 사항은 이미 보도된 바와 같이 국정기획자문위원회 논의, 국무회의를 통해 의결된 사항입니다만, 의견을 주시는 것은 국민의 당연한 권리입니다.  제가 소관부처 직원이 아니기 때문에(국민생각함은 국민신문고의 동생으로 시민주도형, 민관협업형 정책참여 활성화를 위해 만들어진 플랫폼으로서 국민권익위원회에서 운영하고 있습니다) 말씀드리기 조심스러운 부분이 있는데요, 관련상황을 더 파악해보고 답변 드리겠습니다.^^
이번 정책에서 하이브리드 차량을 제외한다면 보여주기식 정책이라고 밖에 보여지지 않죠 친환경차라고 지정했고 가장 많이 팔린 하이브리드를 빼고 고속도로 주행이 적은 차들만 혜택을 주겠다고 하는 것인데
전기/수소차(이하 전기차)를 정부지원금없이 사는 사람은 거의 없을 겁니다. 정부지원금을 받아 전기차를 살 수 있는 인원 수는 정해져있기 때문에 지원금 혜택인원을 늘리지 않는한 전기차 활성화에는 한계가 있다고 생각합니다. 결국 미세먼지를 줄이기 위해서는 전기차보다 훨씬 현실적인 하이브리드 차량에 대한 혜택을 늘려 해당 차량을 활성화시키는 것이라고 생각합니다.
하이브리드 차량도 고속도로 통행료 할인적용 대상에 포함되어야 한다에 동의합니다. 적극 동참합니다.
통통님 감사합니다. ""미세먼지 저감""이라는 목표는 100% 동감합니다. 그런데 그게 전기차 보급 확대에만 집중하는 게 맞는지 질문을 던지는 겁니다. 또 고속도로 통행료 할인은 액수는 크지 않지만 서민들이 직접적으로 피부로 느끼는 혜택이기 때문에 친환경차 보급 및 저변 확대에 굉장히 좋은 정책인데, 막상 가장 친환경적인 하이브리드 자동차가 제외되어 어떻게 된 것인가 문제제기를 하는 중입니다. 혹시 정부내 논의 과정에서 오류가 있었다면 다시 논의가 시작되었으면 하는 바램으로 이런저런 생각들을 올렸습니다. 관리자님과 관계자 분들의 많은 도움 부탁드립니다.
이 정책은 '미세먼지 저감'이라는 목표에 초점을 맞추었기 때문에 나온 방안입니다. 예산상의 한계도 있고요.  아무튼 더 알아보고 추가 피드백을 드리도록 하겠습니다.
하이브리드님 안녕하세요? 콜라보레이션 통통입니다.  플랫폼 운영상 하나를 먼저 요청드리려는데요, 프로필 사진이 용량이 커서 페이지 로딩에 시간이 걸리고 있습니다.  되도록이면 저용량(100~200kb)으로 떨어뜨리셔서 재등록을 부탁드리겠습니다. 감사합니다.^^;;
하이브리드 차량 기술은 현재 상용화된 기술 중에 에너지사용 및 탄소배출 저감에 큰 기여를 했다는 것은 자명한 사실입니다. 공인 연비가 증명하고 사용자의 지갑이 그 사실을 증명하고 있죠. 전기차 충전을 위한 전력생산, 전기충전시설을 위한 인프라 구축에 사용되는 에너지(전기증장비를 사용해서 공사를 하진 않을테니...) 등등 한다리 건너면 줄줄 세는 에너지와 화석연료 사용은 나몰라라하고 단지 그 전기차 수소차 보급율이라는 눈에 보이는 숫지만 성과로 내거실 건지요.. 하이브리드차량 혜택은 지자체에 던져두니 애써 동사무소 가서 받아온 환경친화차량 스티커는 옆동네만 가도 장식품이 됩니다. 애써 큰 돈 들여가며 나도 좋고 애국도 하는 하이브리드차량 오너들에게도.. 관심과 혜택 부탁드립니다.
보여주기식 정책인가요? 탁상행정의 결과인가요? 필요에 따라 친환경이다 아니다 이건 좀...
공항이나 공영 차장 50% 할인 친환경 차량이래서 해주지 않나요. 고속도로 또한 친환경 차량으로 등록된 니로 또한 할인돼야 한다고 생각합니다.
친환경차의 보급을 위해서 가장 기본인 하이브리드차도 혜택이 필요할 것 같습니다^^
하이브리드 차, 저공해차라고 하면서 차값이 저렴한 것도 아닌데 이런 혜택은 당연히 있어야 한다고 생각합니다.
하이브리드 자동차의 오너입니다. 초창기 버전이라 문제가 많네요, 전기차 사고싶어도 인프라가 문제고. 남들 다사는 경유차 살려다 환경 생각해서 하이브리드 차를 구입했는데 혜택이 없어서 아쉽습니다. 혜택이 없으니 차를 바꾸면 하이브리드를 또살까? 하는 생각이 듭니다. 솔직히 경유차 큰차로 사고 싶습니다. 실질적인 혜택을 주세요
환경오염 예방에 적극 기여하고 있는 하이브리드에 대한 세금 감면 혜택은 당연하다고 생각합니다
친환경차 중 실질적으로 고속도로를 달리고 있는 것은 거의 하이브리드입니다. 전기차는 대부분 주행거리와 충전시간 문제로 시내에서만 주행하거나 고속도로라도 단거리를 주행하고 있고, 수소차는 대부분 영업택시 차량으로 마찬가지로 거의 시내에서만 주행하고 있습니다.  고속도로에는 거의 올라오지 않는 전기차와 수소차만 감면하는 당금의 정책은 생색내기에 지나지 않는 정책입니다.  하이브리드의 고연비와 미세먼지 배출량 감소를 생각하면 환경부담 감소 차원에서 오히려 하이브리드의 고속도로 통행료를 적극 감면하는 것이 당연하다고 생각합니다.
환경친화적 차량을 장려하는 정책에서, 법으로 정해진 환경친화적 차량 중 절대 다수를 차지하는 하이브리드 차량을 제외하는 것은, 그저 보여주기식 정책에 불과하다고 봅니다. 단숨에 내연기관에서 EV 및 수소차로 넘어가기는 물리적, 정책적 한계가 있는 바, 중간단계로 볼 수 있는 하이브리드 차량에 대한 지원을 강화하여 친환경 차량에 대한 국민 인식 개선을 이루어야 EV 및 수소차로 완전히 전환하는 시기를 앞당길 수 있다고 생각합니다.  지금 하이브리드에 대한 인식 중 '비싸다', '2~30만 km는 타야 연료비로 가격차이만큼 메울 수 있다' 등의 인식이 팽배합니다. 하이브리드에 대한 지원 강화로 이러한 인식이 우선 개선되어야 한다고 봅니다.
하이브리드도 친환경차라고 하면서 혜택이 없다면 모순이라고 생각합니다"
탈원전,내용,2017-06-21,종료,22,원전 1기도 없이 원전 고집하는 수도권과 정치권의 행태에 대하여 뭍고 싶습니다.,2017.06.21,0,22,"2017년은 클린에너지 부산 원년이 시작되는 해입니다. 수명을 10년이나 연장시킨 고리원자력이 지난 19일 영구 정지됨에 따라 앞으로 신고리 5,6호기에 대한 사회적 합의도 불붙고 있습니다. 하지만 일부 정치권과 수도권에서는 전기료 인상과 함께 탈원전 반대라는 논리를 펴고 있습니다. 한마디로 원전 1기도 없는 지역에서 해당 원전이 있는 지역 주민들의 안전은 철저히 무시한 체 반대를 하고 있습니다. 일부 환경공학관련 교수단체는 한강에 원전을 짓는 것도 기술적으로 가능하다고 합니다.",2017-07-02~2017-08-31,공공질서 및 안전>기타,,,"북한과 가까운 서울에 원전을 설치한다는 것은 무리라고 생각하며 원전의 위험 요소와 원전 인근 주민들이 불안해 하고 있다는 것은 누구나 잘알고 있지만 충분한 대책도 없이 빠른시간 안에 탈원전만 고집해서는 안된다고 생각합니다. 앞으로 친환경 발전 시설이 개발 되어 실용화 될 때 까지는 필요한 시설이라는 것은 인정해야 한다고 생각 합니다. 원전이 위험 하니까 추가 설치를 신중하게 해야 한다는 것은 옳은 말이지만 당장 대책도 없이 탈원전을 추진하는 것도 무리가 있으므로 아래와 같이 지혜롭게 운영하는 것이 타당하다고 생각합니다. 아래 1. 탈 원전을 추진하되 국가 에너지 수급에 문제가 발생하지 않도록 속도 조절을 하여 적절한 시기에 단계적으로 추진한다. 2. 친 환경 대체에너지 시설의 개발을 촉진한다. 3. 원전 주변 지역에서 불안하게 생활하는 주민들에게는 원전으로부터 거리에 비례하여 전기료 인하 등 심리적인 보상을 하여 원전 주변 지역 주민들의 피해 의식을 최소화 한다. 4. 지진등 문제가 발생시에도 원전 인근 주민들에게 피해가 발생하지 않도록 예방하는 방안을 연구 하여 현재 보다 몇배로 안전을 보완함으로서 원전 인근 주민들의 불안감을 최소화 한다
우리나라 수도의 젖줄 한강에 원전이라니요? 탈원전을 위해 노력하는 현 정부에 제시할수 있는 의견은 아니라 생각됩니다
원전은 70년 이후 산업발전 과정에서 전력생산에 큰역할을 해온 효자상품은 맞는 것같아요 하지만 우리나라는 남북으로 갈라진 분단국가이기 때문에 만약에 전쟁이 일어 난다면 기간산업을 마비시키기위하여 어디부터 공격이 감행 되겠읍니까 ? 경주부근에서일어나고 있는 지진의 빈번한 발생등 어느것도 안심할수 없는 일들이 일어나고 있어요 부산 기장 고리부근 과 경주 월성 부근에 있는 원전은 항상 위험에 노출되어 있지요 고리의 경우 1호기는 40년을 수명으로 올해 멈췄지만 2,3,4호기는 수명이 6년정도는 남아 있는것 같은데 현제 울산공단,부산공단에 주요 전력공급에 큰역할을 해오고 있는것같아요 우리나라가 이제까지는잘살기 위하여 앞만보고 달려온 50년 이라고 한다면 , 이제는 그결과 만들어진 부산물에 대한 복구 때문에 또 50년을 다시 시작해야하는 그원년이 올해부터 시작되어야만 하지않나 그렇게 생각됩니다 생각해보면 우리나라는 금수강산이면서 나라가 너무 작아요 만약에 한번의 사고가나도 우리나라 전체의 미래가 사라진다고 볼수 있지요 그래서 저는 핵을 이용한 전력 생산은 이제까지 만들어 놓은 것만 수명까지 유용하게 사용하고 사용하는 동안 대체에너지로 변화시켜 나가는 것이 옳다고 생각합니다 그리고 이제 까지 묶어두었던 원전주변의 마을들도 과감한 지원으로 생태계를 빠른 속도로 복구 시켜 나가야 하는것이 앞으로의 과제라고 봅니다
부산은 세계 5위 규모의 컨테이너 물동량을 처리하는 항만시설이 있고, 경공업, 중공업 등 여러 산업시설이 많기 때문에 전력 수요가 많습니다. 최근 고리원전 1호기가 영구 정지되었음에도 불구하고, 원자력 발전과 화력 발전으로 인해 부산 내 도시 수요의 400%, 최에 육박한 전력생산을 가지고 있습니다. 하지만 서울을 비롯한 다른 광역시들은 도시내 소비수요의 10%미만의 전력을 생산하고 있습니다. (BDI포커스 제 208호 - 부산이 신재생에너지 선도도시가 되려면, 최윤찬 참고) 화력발전소와 달리 원자력 발전소는 안정적인 발전을 한다는 장점이 있지만, 2011년 후쿠시마 원전 사고 이후 6년이 지난 현재도 복구 중이고, 2013년에도 원전 납품 비리로 인해서 여러 원전이 가동을 중지하면서 전력난을 겪은적이 있습니다. 그리고 사용후 핵연료를 보관한 장소가 포화상태에 이르러 별도의 고준위 핵폐기물 저장장소가 필요한데, 그 과정에서 많은 예산이 필요하고, 저장장소 설치과정에서 지역 간 갈등이 벌어질 것입니다. 특히 고리원전의 경우 주변 30km내 부산 울산 경남 인구가 약 300만에 달하기 때문에 고리원전에서 사고발생시 부산, 울산 양산 뿐만 아니라, 국가적으로 재난을 가져올 것입니다. 따라서 노후화된 원전을 폐쇄하는 절차는 불가피 하다고 생각합니다. 노후화된 원전을 폐쇄하게 되면 부산 내 전력생산량은 줄어들게 될 것입니다. 그리고 폐쇄된 원전을 대체하려면 그만큼 다른 지역에 발전소를 지어야 할것입니다. 장기적으로 부산시의 도시내 전력자립률은 줄어들게 되고, 원전을 포함한 다른 지역의 전력자립률은 높아지게 될 것입니다. 그렇게 되면 또 다른 지역갈등의 불씨가 될 수 있습니다. 따라서 부산 내 원전이 없어지는 만큼, 부산내에서 대체에너지를 생산하거나 에너지 전력 소비를 줄일 수 있게 부산시민들이 부산에 맞는 다양한 방법을 찾아야 합니다. 대체에너지를 생산하고, 에너지를 줄일 수 있는 다양한 방법을 찾고, 이를 다른 지역에 공유하게 된다면 원전 폐쇄로 인한 지역간 갈등은 줄일 수 있다고 생각합니다.
원전 없이 원활한 전기 공급이 가능하니까? 원전 없이 전기값은 천정부지로 치솟지 않을 확신이 있습니까? 위험한건 맞지만 얼마나 잘 관리하느냐에 따라 우리의 삶에 풍요롭게 만들수도있고, 재앙을 가져다줄수도있는게 원전입니다. 한쪽면만보고 원전을 반대하는건 옳지 않습니다. 그리고 우리가 탈원전 외치면 뭐합니까? 중국이나 우리주변에선 원전을 계속해서 늘리고 있습니다. 중국만하더라도 서부지방에 원전이 몇개나 있는지 모릅니다. 그중하나가 폭팔하거나 이상이생긴다면 바로 우리나라에 피해가 오는데 우리나라 혼자만 탈원전 외치는건 뒤떨어진 사고발생입니다.
제가 학생때 가졌던 의문이고 마음속에 있던 분노아닌 분노였는데 정말 속 시원한 발제라고 생각합니다. 이번엔 아주 사실에 기반하면서도 감정적으로 쓰겠습니다. 원전 입지 조건은 원칙이 있습니다. 그 원칙데로 수도권이 어울리는지 보겠습니다. 아울러 고리쪽 원전이 얼마나 그 기준에 벗어난건지도 알수 있습니다. 참고로 이 기준은 제 감정이 아닌 원자력안전법·령에서 정한 기준입니다. ○ 지질 및 지진학적 특성을 조사하여 지진 또는 지각변동이 일어날 가능성이 희박하다고 인정하는 곳 - 양산,경북쪽 각종 단층은 작년 지진 전에도 꾸준이 문제 제기 됐던 곳입니다. 반대로 수도권엔 큰 지진또는 알려진 활성 단층에 대해서 생각해 보시면 됩니다. ○ 위치 제한은 제한구역 주변 지역으로서 지역에 거주하는 주민에 대하여 방사성물질의 누출사고가 발생할 경우 그 주민의 소개 등 필요에 따라 적절한 조치를 취할 수 있는 지역 - 수도권은 정보 전파가 빠르면서도 교통 사통팔달입니다. 고리 지역은 왕복 2차선까지 포함해도 지역주민과 인근 주민 소개하기엔 현저히 부적합 지역입니다. ○ 기상조건은 그 시설로부터 방사성물질이 대기 중에 방출되는 경우 확산·희석되는 특성이 기준에 적합할 것 - 분지 지역 아니면 의미가 그리 없습니다. 수도권도 부울경 지역도 이 항목은 그리 의미를 두지 않습니다. ○ 동 시설은 상류의 저수지 또는 댐 유실과 비 등에 의한 하천범람에 영향을 받지 아니하는 곳으로 부지 주변의 표층수 또는 지하수의 수문학적 특성을 조사·평가한 결과가 주변의 수중환경에 영향이 없을 것 - 수도권도 부울경 지역도 이 항목은 그리 의미를 두지 않습니다. ○ 항공기의 추락, 위험물의 생산 또는 취급하는 산업시설이나 수송시설로부터의 사고에 의한 영향 등을 기준에 따라 조사·평가하여 장해가 없다고 인정될 것 - 수도권은 청정지역이며 울산 화학정유단지 거리 재어보시면 간단합니다. ○ 해일·태풍·홍수·폭설 또는 폭우 등의 자연현상을 조사·평가하여 중대한 사고의 원인이 될 수 있는 재해 가능성이 없다고 인정되는 곳 - 수도권은 청정지역이며 부울경은 매년 영향을 받는 지역이지요. 거기다 아울러 일반 입지 조건도 있습니다. 이 기준은 더욱 가관입니다. 첫째, 충분한 용지확보로써 원전 100만kW × 6기를 건설할 경우 소요면적 220만㎡(66만 평)가 요구되며, - 전 이 부분에서 바로 한 지역이 떠올랐습니다. 토지 보상 문제도 없고 기기서 생활하시는 분들도 반대를 위한 반대를 안하는 인식있고 수준 높은 분들이 모여있는곳. 바로 여의도 국회의사당 입니다. 참고로 여의도 전체 면적이 89만평입니다. 둘째, 공업용수와 냉각수 공급이 쉬운 곳으로 원전 100만kW × 6기를 건설한다면 공업용수 12,000㎥/일, 냉각수 1,300,000㎥/시간이 필요하며, - 이 항목을 중심으로 계속 바다쪽에 건설주장하며 수도권을 원천 제외 하고 있습니다만. 수도권하면 한강 아닌가요? 원전은 안전하고 깨끗하니 문제없습니다. 셋째, 건설을 위한 대형선박 2,000톤 규모의 접안이 가능한 7m 이상의 수심을 확보하는 곳, - 한강의 수심은 4-14m 이며 평균 7-8m 라고합니다. 기준 맞추기는 문제도 아닙니다. 넷째, 부하 중심에서 가까워 송전 및 계통망 구성이 가능하며, - 수도권에 송전망이 집중되고 있죠. 인구대비 전력 소비량이 아주 많기 때문에. 다섯째, 부지 진입이 용이하고, - 어느 교통수단으로도 사통팔달 교통요지입니다. 여섯째, 건설 재료원의 취득 및 건설을 위한 기자재 운반이 용이한 곳이다. - 수도권보다 용이한 곳이 있을까요? 이상입니다. 제가 언급한 저 기준은 전부 원자력안전법·령에서 정한 기준입니다. 꼭 이 문제가 수면위로 올라와서 공개적인 해명이라도.. 아니면 변명이라도 듣고 싶습니다. 더운 여름 모든분들 건강하게 보내시길 바라며 조금은 감정적인 글 마칩니다. 감사합니다.
원전이 안전하든 위험하든 떠나서 가장 우려하는게 시간이 지날수록 노후화 되는 원전시설에 비리로 인한 핵심 부품들의 불량품 사용이겠지요. 안그래도 체르노빌과 후쿠시마 사고로 불안감이 증폭되어 있는데, 저런것까지 불안감을 부채질해 탈원전에 찬성여론이 많이 몰리게 된 것 아닌가 생각이 듭니다. 그러나 한걸음 뒤에서 생각해 보면, 안전을 위해 탈원전은 필요하다고 보나 대안없는 원전 중단 및 폐기는 전력 공백을 만들어 잦은 정전과 블랙아웃을 야기 시킬 수 있으며, 그걸 예방하기 위해 전기료 사용을 줄이려는 명분의 세금 증가 우려도 예상해 볼 수 있음. 그러기 때문에, 원전 폐기 및 대체에너지로의 전환 방식은 런닝체인지 방식으로 가야 마땅하다고 생각함. 하지만 대체 에너지로 할만한 것이 풍력/태양열/수력/바이오에너지(쉽게말하는 쓰레기에너지) 등등이 있는데, 해당 에너지를 적용하려면 부지 선정 및 해당 지역 주민들 설득 등등 시간이 걸릴 것으로 보여지나 그래도 꼭 선행되어야 될 것이라고 생각함.
맞습니다 이정권은 미친짓을 박근혜보다 더한 미친짓을 하고있내요 북한은 핵무기를 보유하고 수폭도 만드는대 미국눈치나보고 핵폭탄을 아예 못만들게 그래서 짱꼴라 새끼들한테 예전처럼 조공 받치고 임금됐다고 허락받고 그리 살려고 후손의 미래를 생각좀할줄 아는 대통이 됐음 좋겠내요 크린 에너지? 뭐가 크린에너지야 환경 쓰레기 더미지 깡다구있는 사람이 대통이 됐어야 하는대 말세여
원자력안전법상 원자로 및 관계시설, 핵연료 주기시설 또는 방사성폐기물관리시설등의 중심으로부터 반경 8킬로미터 까지의 범위로 설치 제한을 두고 있는 것으로 알고 있습니다. 설치제하느이 범위는 공항 16km 군사시설 중 포사격장 및 미사일기지, 하천시설중 댐 및 하구둑(물에 전기설비가 취약하기 때문) 등 8km 이고 인구가 너무 많은 지역에는 건설이 허가되지 않습니다. 사고시 방재를 위해 대비시키거나 하는 일에 어려움을 겪기 때문이라고 생각됩니다. 댓글에 신재생에너지로 가자는 의견이 많은데 지금도 풍력이라든가 바이오에너지 그런 시설은 집앞 유치를 꺼려하고 있습니다. 말이 바이오지 쓰레기를 이용해 생산하는 전기데 과연 자신들의 집 근처에 유치하려고 할 까요?? 이 또한 생각해봐야 할 문제라고 생각합니다. 산업전기를 태양열을 이용하여 돌리기위해 필요한 부지 등등 도요... 물론 장기적으로 우리나라실정에 맞는 신재생에너지 연구계발이 필요하다는 생각에는 적극 찬성합니다. 하지만 그만큼 준비가 되어 있는지도 의문이네요...
원전 철거는 이미 대세로 기울어져 가고 있습니다. 보다 친환경적인 에너지로 전향해 인간의 삶이 더 이상 불안해서는 안된다고 봅니다.
정말 속시원해지는 질문입니다 저는 부산에 살고 있으며 고리원자력이 있어 언제나 불안합니다 안전하다고는 하지만 수십년전의 기술로 만들어진것이고 부품관련 비리도 종종뉴스에서 나오고 솔직히 두렵습니다 원전이 깨끗하다 안전하다고 주장하시지만 솔직히 질문처럼 서을근교로 옮긴다면 그래도 찬성할까요 너무 이기적인 생각인것 같습니다 전기세 얘기를하지만 솔직히 전기가 남아돌아 한전은 지난 몇년동안 헐값에 발전사들로부터 전기를 사들이고 있습니다 해양열, 풍력, 등 얼마든지 안전하고 깨끗한 에너지를 만들수 있습니다 원전해체비용을 생각한다면 지금 세대들은 우선싸게 사용하고 그 어마어마한 해체 비용을 미래세대에게 전가하는 꼴입니다. 수명다된 원전 수명연장 반대 및 신규원전건설 반대합니다
원전사고라는 것이 원전 주위뿐만 아니라 온 나라가 멸망 하는 것인데 수도권 사람들은 대한민국 국민이 아닌 것 같네요 그러면 한강 상류에 원전을 짓거나 원전 찌꺼기 보관을 한강밑 지하에 영구 보관소를 설립하면 어떨는지요? 사고는 순간입니다.
원전 수출 백지화 위기자국도 안짓는 원전을 누가 수입하겠나""새 정부가 공식화한 ‘탈(脫)원전’ 기조로 차세대 성장동력 중 하나인 원전 수출에 ‘빨간불’이 켜졌다.2009년 아랍에미리트 수출에 성공하여 한국형 원자로(APR 1400)의 경쟁력을 세계적으로 인정받았으나 원전정책 기조가 180도 바뀌면서 사장 위기에 처한 것이다. 우리나라는 체코, 베트남, 사우디아라비아 등에 원전 수출을 위해 상당한 공을 들여왔다.문제는 탈원전 가시화가 원전 수출에 미칠 악영향이다. 원전은 건설부터 운영까지 이어지는 막대한 수익과 일자리를 창출할 수 있어 미래 성장동력이다. 2009년 UAE 수출로 얻은 경제적 직·간접적 효과는 약 55조원으로 평가된다. 국내서 원전을 짓지 않으면 수출을 위한 명분이 약해질 것으로 보고 있다. 원전의 산업·기술적 인프라를 쇠퇴시켜 장기적으로 원전 수출의 국제 경쟁력 하락을 초래할 것이다. 우리가 만들지 않는 원전을 해외에서 수주 활동을 한다는 것은 명분에도 안 맞고, 국내에 최신 기술을 갖춘 모델이 사라지면 수주도 쉽지 않다”기술과 인력의 유출이 심화 돼 결과적으로는 원전 산업 자체가 무너질 수밖에 없다
말 그대로 수도권에서는 전기는 맘편하게 쓰고 싶고 원전은 한강에 짓기 싫고 원자력 관련 직종에 있는 사람들의 표는 얻고 싶고 그래서 탈원전에 반대하는게 아닌가 싶네요. 사실 우리나라의 안전에 대한 신뢰가 두텁다면 탈원전 안할지도 모르죠. 그러나 역사가 그렇고 지금도 그렇고 우리나라 건축물들이 어디 신뢰할만한 수준인가요?? 우리나라 건설업체가 해외에서 건물을 지을땐 세계 최고로 꼼꼼히 짓는다지만 우리나라에서는 어디 그렇게 짓나요?? 온갖 비리와 대충대충 이라는 신념과 안전불감증으로 건물 올리고 관리도 제대로 못한다고 생각하는 사람이 대부분 아닐까요? 그런 상황에 원전처럼 위험할지도 모르는 건물을 제대로 짓고 제대로 관리하고 비리 하나도 없이 아주 잘 운영이 된다고 생각하는 사람 몇명이겠습니까. 이런 와중에 우리나라 원전 밀집이 세계 최고라는데 뭘 더 지을려고 합니까. 지진도 일어나고 있는데 일본 후쿠시마의 뒤를 잇는 대형 원전사고를 미연에 방지합시다.
나 원전비리 신고했는데 아직 답변 못 받음......기대해..........그거 수사할때 꼭 참석시켜주길 꼼꼼하게 내가 족쳐드림
원전설치 반대입니다, 현재 울산에 거주중이며 그동안의 경주지진의 여파로 불안한 나날들을 보내고있습니다. 영화 ""판도라""에서처럼의 재앙이 발생하면 안되지만 만약 그러한 재양이 벌어진다면 영화이상의 재앙이 될것입니다, 울산의 석유화학단지를 기점으로 경주에 방사능폐기장과 고리의 원전까지 그야말로 도미노현상처럼 영화이상의 대재앙이기에 반대합니다.
원자력 대신에 클린에너지를 확대하여 지역에 상관없이 누구나 안전하고 쾌적한 생활을 할 수 있도록 하면 좋겠습니다. 국민 모두가 전기..에너지를 절약하는 습관을 가진다면 전기료 인상..의 문제는 줄어들 것이라 생각됩니다. 주위를 보면 쓸데없이 낭비되는 전기가 많습니다. 예를들면, 추울정도로 냉방을 하는 은행들이 많습니다. 티끌모아 태산이라는 말이 있듯이 모두가 에너지를 조금이라도 절약 하는 마음을 가져야 겠습니다. 감사합니다.
일본의 전철을 밟지 말고, 돈이 더 들고, 국민부담이 약 30% 늘어나더라도 후손을 위해 안전한 환경에 도움이 되는 친환경적인 발전소 건설과 연구가 절실합니다. 미래 대체에너지 개발을 위해 노력함으로써 차세대 먹거리개발에도 도움이 될 것이며, 탈원전을 통해 전세계 모두 안전한 미래를 꿈꿀 수 있어야 합니다. 한강뿐 아니라 한반도 어디에도 만주에도 원전을 짓는 것을 반대합니다. 당장은 싸게 보일지라도, 후유증과 후처리비용까지 고려한다면 결코 싸지 않습니다.
인류의 생명과 평화를 해치는 원전은 세워서 안 됨니다. 대체에너지에서 전기를 발생하여 그것을 사용하고도 남 습니다. 현재 전세계적으로 이용되고 있는 태양열 전기 발생장치, 풍력발전장치, 바닷 물의 조차를 이용한 수력 장치, 수소에너지의 전기 발생 장치 , 등 많은 재원이 있습니다 연구 하여 더욱 살기 좋은 국가를 만들어야 합니다. 한국은 지진의 안전지대가 아닙니다. 경주의 내남 일대의 양산단층의 지진은 630여회 발생하였습니다. 가장 큰 진도 5.6의 지진도 있었습니다. 원전은 큰 재앙을 일어킬 위험성이 있습니다. 원전 설치는 반대 입니다.
최근에 한국영화 판도라는 영화에도 봤듯시 원전 사고가 얼마나 큰 재앙임을 봐 왔습니다. 그랬어 줄곧 노후 원전은 폐기를 청구 하였던 것입니다. 그런데 멀리 있는 지역 이랐어 그런지 몰라도 탈원전 반대를 하고 있다니 참, 지역 이기주의라고 밖에 생각이 안됩니다. 원전 지역에 살고 있는 분들의 불안감이나 위험을 적극적으로 알려야 할것 입니다. 지역 국회의원이 국회에서 원전에 대한 해결을 적극적으로 보여야 하나 그러지 못하고 나몰라라 한것도 많습니다. 이런 문제도 지역 국회 의원들이 한목소리 내게끔 지역 주민들이 요구하여야 할것 입니다."
탈원전,내용,2017-06-20,종료,1,"건물의 벽면(아파트, 주택, 공장, 기타 건축물등의 벽면)에 태양광 패널을 설치하는 방안",2017.06.20,31,1,"기존의 태양광 패널들은 보통 지붕이나 옥상 평지 등에 설치되어 공간상의 제약이 많은데 이를 건물의 벽면 즉, 아파트, 주택, 공장, 기타 건축물 등의 벽면에 효율적인 각도(입사각 약 30도)로 태양광 패널이 고정되도록 패널을 모듈화해서 만든 프레임에 관한 아이디어입니다.
오늘 뉴스 기사에도 나왔듯이 원전 문제는 수십년전부터 끊임없이 지구의 미래에 걸림돌이 되어 왔으며 비단 우리나라뿐만 아니라 인류가 해결해야 할 가장 큰 당면과제 중 하나입니다. 이에 대한 해결책으로 가장 쉽게 떠올릴 수 있는 것은 친환경 신재생 에너지이며 그중 태양광 발전이 최적의 대체 에너지원으로서의 역할을 할 것은 너무나 자명한 사실입니다.
그러나 어떻게? 라는 의문부호를 띄웠을 때 아직은 기술적으로도 과도기에 있고 체계적이고 명료한 돌파구 또한 찾지 못하는 상황입니다.
태양광 발전에 있어서 반드시 필요한 요소는 무엇보다 그것이 설치될 평지인데 대규모로 시스템을 갖출수록 더 많은 부지에 대한 비용이 필요하고 님비, 핌비 문제라든가 기타 2차적인 문제들이 발생할 가능성 또한 있습니다. 
제 아이디어는 여기서부터 시작되었고 태양광 패널 설치에 있어서 공간적인 제약을 극복할 수 없을까하고 생각하던 중 평지가 아닌 건물의 벽면을 활용하면 어떨까 하는 발상에까지 이르렀습니다.
물론 평지에 비해 당연히 공간적인 효율성은 떨어집니다. 그리고 전 세계적으로 이러한 벽면을 활용하는 형태의 시도들도 있습니다.
하지만 대부분 태양광 패널과 태양과의 입사각을 고려하지 않고 단순히 벽면 또는 창문 형태로 부착만 하는 형태라 투자 대비 발전효율이 현저히 떨어지게 되어 보편화되지 못하고 있는 실정입니다.
하여 제 아이디어와 같이 태양광 패널을 기존보다 소형화 모듈화하고 패널의 각도(입사각 약 30도)만 잘 유지되게 한다면 태양광 패널 단위면적당 효율 측면에서 평지와 큰 차이는 없을 것으로 생각됩니다. 그리고 무엇보다 건물의 외벽은 따로 비용이 들지 않는 공간이라는 점이 가장 큰 잇점이며 굳이 평지나 옥상 등이 없더라도 건물의 외벽만 있다면 누구에게라도 접근성이 있고 설치 가능한 장점이 있습니다. 그리고 이러한 시스템을 건물의 외장재 등과 융합시켜 제품을 개발한다면 새로운 부가가치를 창출할 수도 있을 것입니다.
두 달전 창조경제 혁신타운에서 태양광 관련 공모전이 있어 이 아이디어로 한번 도전해 보았으나 채택되지 못했습니다. 물론 제가 전문가 수준이 아니라 한계가 있고 처음 해보는 공모전이라 미흡한 부분들도 많았을 것입니다.
어쨌든 결론을 말하자면 이런 형태의 시스템을 정부 주도로 기업들과 협력해서 체계적으로 연구하여 타일이나 외장재등과 소형 태양광 패널 시스템을 융합한 형태의 제품을 개발하고 동시에 건물의 일정 퍼센트 이상 벽면에 태양광 발전을 강제하도록 법제화하면 어떨까 합니다.
그리고 기존의 건물들은 벽면에 표준화된 프레임을 설치하여 태양광 패널을 설치할 수 있도록 하는 방향으로 진행하면 될 것 같습니다.
물론 어떻게 보면 현실성도 좀 떨어지고 다양한 문제점들도 내포하고 있지만 본래 아이디어의 본질은 이러한 형태로부터 출발하는 것이니 긍정적으로 생각하고 방향성을 가지고 계속 연구해 나간다면 탈원전 및 국가적인 전력수급에 있어 반드시 혁신적인 결과가 있을 것으로 믿습니다.
끝으로 공모전 출품 당시 제출 했던 관련 이미지 몇장 올립니다.",2017-06-20~2020-03-03,경제·산업·통상>에너지및자원개발,부산광역시>북구,#태양광 #벽면용태양광,"아니 어제 오늘 태양광데이인가요? 같은 주제의 안건이 여럿 올라왔네요.^^  말씀하신대로 신재생에너지에 대한 요구가 높아지다 보니 태양광도 다시 주목을 받는 것 같습니다.  다만, 국민생각함은 제품 개발 및 기술 지원을 직접적으로 검토하는 곳은 아니니까요, 이 자리를 빌어 태양광에 관심있는 분들과 이야기를 나누는 기회가 되셨으면 좋겠네요."
탈원전,내용,2017-06-19,종료,6,쌀 과다생산 조절과 태양광 발전,2017.06.19,9,6,"□ 배경
1. 요즘 쌀 생산과다 문제가 심각함
2. 탈원전 시대와 맞물려 대체에너지 전환 필요성이 대두됨
□ 해결과제(문제)
1. 쌀 과다생산으로 인한 가격폭락, 국가 세금재원 부담, 시장왜곡
2. 탈원전 및 대기질 이슈로 인한 전력공급체계의 재검토 필요성 대두
3. 논의 생산품 외에 자연습지 및 토양보호의 보존가치 훼손 우려
4. 대체에너지 생산의 가격경쟁력 및 토지 등 자원의 한계 존재
□ 문제의 원인 
1. 쌀 과다생산 
1) 쌀은 국가의 전략적인 자원으로 생산기반 시설의 증감은 민감한 문제임
2) 직불금의 지불로 인해 쌀은 수요공급에 의한 시장의 원리가 작용되지 않음
3) 이 두 가지는 농촌의 고령화와 더불어 농민들이 쌀 생산을 포기하지 않는 이유가 됨
4) 쌀의 과다생산 문제를 해결하기 위해서는 경작지 감축이 필수적이나 농가 개개의 이익과 상충되며 생태계에서 논의 외부경제 효과를 훼손시킴
5) 농민인구의 감소 등으로 국가재원의 농촌 투입은 국민 정서상 지속되기 어려운 측면이 있음
2. 대체에너지 생산
1) 대체에너지 생산의 필요성은 모두 공감하지만 기반시설이 완비된 타 발전에 비해 태양광 발전 등은 진입장벽이 높음
2) 국토가 좁고 평지가 부족하여 광범위한 토지자원이 소요되는 대체에너지 생산은 시도가 어려움
3) 보조금 등을 활용, 대체에너지의 수지타산을 조정할 경우 국가 재원이 추가로 투입됨
* 이미지 출처: 픽사베이
□ 추진대안
1. 적정 쌀 생산기반을 초과하는 논을 국가, 지자체, 농협, 공기업 혹은 기타 대체에너지 사업자가 임대
1) 태양광 패널의 내용연한(수명)에 맞춘 기간으로 임대계약 채결
2) 각 지역별 신청농가를 모집하고 신청수량에 비례하여 천수답 등 생산성이 떨어지는 농지 위주로 사업량 배분
2. 태양광 패널 설치 및 발전사업
1) 해당 농경지에 태양광 발전설비를 설치하고 생산된 전기를 판매함
2) 논농사의 기회비용에 해당하는 금액을 산출하여 토지 제공농가에 제공
3) 생산 전기가 기존 발전에 비해 차이가 나는 단가는 기존 쌀 직불금 재원을 전환하여 해소
3. 기타
1) 기근, 전쟁 등 쌀 생산량 증대가 필요한 경우 패널만을 제거하여 즉시 농업에 투입 가능
2) 습지 및 생태계 보존 역할은 계속 수행(습지 형태로 태양광 패널 과열에 따른 발전효율 저하 감소)
3) 농촌 인력을 고부가가치 산업으로 전환 유도
□ 기대효과
1. 추가 재원을 최소화하여 대체에너지 활성화 기반 마련
2. 쌀 소비촉진 캠페인이나 밀어내기 덤핑수출 등 인구구조나 생활습관 변천에 의해 효과가 제한되는 무의미한 노력 중단 가능
3. 대규모 대체에너지 사업 실시로 관련 기술 확보 활성화와 해외 시장개척
4. 녹지 및 농지로서의 역할 보존
5. 기존 발전소의 외부 불경제 감소
6. 소모적이고 불합리한 농촌 보조금을 신 시장 개척 예산으로 전환 가능",2017-06-19~2020-03-03,경제·산업·통상>에너지및자원개발,,#대체에너지 #태양광 #탈원전 #생산과잉 #보조금 #쌀 #신기술 #직불금,"농지에 태양광 발전을 시도하겠다는 발상은 매우 바람직한 발상으로 찬성합니다.  태양광으로 이용할 경우 빛을 받기 좋은 곳은 농사도 잘 된다는 공통점이 있는데 자칫 발전의 효율성 만 위주로 하면 좋은 토지가 발전에 이용되는 우를 범하기 쉬운 점 유념하시기 바라고요, 요즘 나무가 잘 자라서 오히려 경관이 좋은 곳도 발전을 위해 마구 훼손해서 태양광 발전시설을 흉하게 설치해 놓은 곳이 너무나 많이 보입니다.  이런 우는 하지 않아야 한다는 생각입니다. 나무를 베어내거나 손상하는 태양광 발전은 절대로 하지 말아야 합니다.
그리고 태양광 패널 아래에는 그늘이 생기므로 인삼재배가 가능할 수도 있습니다.
누가 이렇게 예쁘게 글을 편집 해 주셨나요?!!"
